Format Version,1.23,Take Name,feb-20_mixed-group_10-35,Take Notes,,Capture Frame Rate,100,Export Frame Rate,100,Capture Start Time,2020-02-20 10.36.04.679 AM,Total Frames in Take,184487,Total Exported Frames,184487,Rotation Type,Quaternion,Length Units,Meters,Coordinate Space,Global

,Type,Rigid Body,Rigid Body,Rigid Body,Rigid Body,Rigid Body,Rigid Body,Rigid Body,Rigid Body,Rigid Body,Rigid Body,Rigid Body,Rigid Body,Rigid Body,Rigid Body,Rigid Body,Rigid Body,Rigid Body,Rigid Body,Rigid Body,Rigid Body,Rigid Body,Rigid Body,Rigid Body,Rigid Body,Rigid Body,Rigid Body,Rigid Body,Rigid Body,Rigid Body,Rigid Body,Rigid Body,Rigid Body,Rigid Body,Rigid Body,Rigid Body,Rigid Body,Rigid Body,Rigid Body,Rigid Body,Rigid Body,Rigid Body,Rigid Body,Rigid Body,Rigid Body,Rigid Body,Rigid Body,Rigid Body,Rigid Body,Rigid Body,Rigid Body,Rigid Body,Rigid Body,Rigid Body,Rigid Body,Rigid Body,Rigid Body,Rigid Body,Rigid Body,Rigid Body,Rigid Body,Rigid Body,Rigid Body,Rigid Body,Rigid Body,Rigid Body,Rigid Body,Rigid Body,Rigid Body,Rigid Body,Rigid Body,Rigid Body,Rigid Body,Rigid Body,Rigid Body,Rigid Body,Rigid Body,Rigid Body,Rigid Body,Rigid Body,Rigid Body,Rigid Body,Rigid Body,Rigid Body,Rigid Body,Rigid Body,Rigid Body,Rigid Body,Rigid Body,Rigid Body,Rigid Body,Rigid Body,Rigid Body,Rigid Body,Rigid Body,Rigid Body,Rigid Body,Rigid Body,Rigid Body,Rigid Body,Rigid Body,Rigid Body,Rigid Body,Rigid Body,Rigid Body,Rigid Body,Rigid Body,Rigid Body,Rigid Body,Rigid Body,Rigid Body,Rigid Body,Rigid Body,Rigid Body,Rigid Body,Rigid Body,Rigid Body,Rigid Body,Rigid Body,Rigid Body,Rigid Body,Rigid Body,Rigid Body,Rigid Body,Rigid Body,Rigid Body,Rigid Body,Rigid Body,Rigid Body,Rigid Body,Rigid Body,Rigid Body,Rigid Body,Rigid Body,Rigid Body,Rigid Body,Rigid Body,Rigid Body,Rigid Body,Rigid Body,Rigid Body,Rigid Body,Rigid Body,Rigid Body,Rigid Body,Rigid Body,Rigid Body,Rigid Body,Rigid Body,Rigid Body,Rigid Body,Rigid Body,Rigid Body,Rigid Body,Rigid Body,Rigid Body,Rigid Body,Rigid Body,Rigid Body,Rigid Body,Rigid Body,Rigid Body,Rigid Body,Rigid Body,Rigid Body,Rigid Body,Rigid Body,Rigid Body,Rigid Body,Rigid Body,Rigid Body,Rigid Body,Rigid Body,Rigid Body,Rigid Body,Rigid Body,Rigid Body,Rigid Body,Rigid Body,Rigid Body,Rigid Body,Rigid Body,Rigid Body,Rigid Body,Rigid Body,Rigid Body,Rigid Body,Rigid Body,Rigid Body,Rigid Body,Rigid Body,Rigid Body,Rigid Body,Rigid Body,Rigid Body,Rigid Body,Rigid Body,Rigid Body,Rigid Body,Rigid Body,Rigid Body
,Name,dowel01,dowel01,dowel01,dowel01,dowel01,dowel01,dowel01,dowel01,dowel02,dowel02,dowel02,dowel02,dowel02,dowel02,dowel02,dowel02,dowel07,dowel07,dowel07,dowel07,dowel07,dowel07,dowel07,dowel07,dowel10,dowel10,dowel10,dowel10,dowel10,dowel10,dowel10,dowel10,dowel06,dowel06,dowel06,dowel06,dowel06,dowel06,dowel06,dowel06,perch1,perch1,perch1,perch1,perch1,perch1,perch1,perch1,perch2,perch2,perch2,perch2,perch2,perch2,perch2,perch2,bird01,bird01,bird01,bird01,bird01,bird01,bird01,bird01,bird10,bird10,bird10,bird10,bird10,bird10,bird10,bird10,bird05,bird05,bird05,bird05,bird05,bird05,bird05,bird05,bird06,bird06,bird06,bird06,bird06,bird06,bird06,bird06,bird02,bird02,bird02,bird02,bird02,bird02,bird02,bird02,dowel15,dowel15,dowel15,dowel15,dowel15,dowel15,dowel15,dowel15,dowel05,dowel05,dowel05,dowel05,dowel05,dowel05,dowel05,dowel05,dowel14,dowel14,dowel14,dowel14,dowel14,dowel14,dowel14,dowel14,dowel03,dowel03,dowel03,dowel03,dowel03,dowel03,dowel03,dowel03,dowel04,dowel04,dowel04,dowel04,dowel04,dowel04,dowel04,dowel04,dowel13,dowel13,dowel13,dowel13,dowel13,dowel13,dowel13,dowel13,dowel09,dowel09,dowel09,dowel09,dowel09,dowel09,dowel09,dowel09,dowel11,dowel11,dowel11,dowel11,dowel11,dowel11,dowel11,dowel11,dowel08,dowel08,dowel08,dowel08,dowel08,dowel08,dowel08,dowel08,dowel16,dowel16,dowel16,dowel16,dowel16,dowel16,dowel16,dowel16,dowel12,dowel12,dowel12,dowel12,dowel12,dowel12,dowel12,dowel12,dowel17,dowel17,dowel17,dowel17,dowel17,dowel17,dowel17,dowel17,dowel18,dowel18,dowel18,dowel18,dowel18,dowel18,dowel18,dowel18
,ID,35F7B41250EE11EA69D7AB6B1FACEF9B,35F7B41250EE11EA69D7AB6B1FACEF9B,35F7B41250EE11EA69D7AB6B1FACEF9B,35F7B41250EE11EA69D7AB6B1FACEF9B,35F7B41250EE11EA69D7AB6B1FACEF9B,35F7B41250EE11EA69D7AB6B1FACEF9B,35F7B41250EE11EA69D7AB6B1FACEF9B,35F7B41250EE11EA69D7AB6B1FACEF9B,7D0021FA50F011EA69D7AB6B1FACEF9B,7D0021FA50F011EA69D7AB6B1FACEF9B,7D0021FA50F011EA69D7AB6B1FACEF9B,7D0021FA50F011EA69D7AB6B1FACEF9B,7D0021FA50F011EA69D7AB6B1FACEF9B,7D0021FA50F011EA69D7AB6B1FACEF9B,7D0021FA50F011EA69D7AB6B1FACEF9B,7D0021FA50F011EA69D7AB6B1FACEF9B,1C92ED6650F111EA69D7AB6B1FACEF9B,1C92ED6650F111EA69D7AB6B1FACEF9B,1C92ED6650F111EA69D7AB6B1FACEF9B,1C92ED6650F111EA69D7AB6B1FACEF9B,1C92ED6650F111EA69D7AB6B1FACEF9B,1C92ED6650F111EA69D7AB6B1FACEF9B,1C92ED6650F111EA69D7AB6B1FACEF9B,1C92ED6650F111EA69D7AB6B1FACEF9B,95CCFC350F211EA69D7AB6B1FACEF9B,95CCFC350F211EA69D7AB6B1FACEF9B,95CCFC350F211EA69D7AB6B1FACEF9B,95CCFC350F211EA69D7AB6B1FACEF9B,95CCFC350F211EA69D7AB6B1FACEF9B,95CCFC350F211EA69D7AB6B1FACEF9B,95CCFC350F211EA69D7AB6B1FACEF9B,95CCFC350F211EA69D7AB6B1FACEF9B,B3E88CA3511711EA69D7AB6B1FACF09B,B3E88CA3511711EA69D7AB6B1FACF09B,B3E88CA3511711EA69D7AB6B1FACF09B,B3E88CA3511711EA69D7AB6B1FACF09B,B3E88CA3511711EA69D7AB6B1FACF09B,B3E88CA3511711EA69D7AB6B1FACF09B,B3E88CA3511711EA69D7AB6B1FACF09B,B3E88CA3511711EA69D7AB6B1FACF09B,1507BD70511E11EA69D7AB6B1FACF09B,1507BD70511E11EA69D7AB6B1FACF09B,1507BD70511E11EA69D7AB6B1FACF09B,1507BD70511E11EA69D7AB6B1FACF09B,1507BD70511E11EA69D7AB6B1FACF09B,1507BD70511E11EA69D7AB6B1FACF09B,1507BD70511E11EA69D7AB6B1FACF09B,1507BD70511E11EA69D7AB6B1FACF09B,C90E5C88511E11EA69D7AB6B1FACF09B,C90E5C88511E11EA69D7AB6B1FACF09B,C90E5C88511E11EA69D7AB6B1FACF09B,C90E5C88511E11EA69D7AB6B1FACF09B,C90E5C88511E11EA69D7AB6B1FACF09B,C90E5C88511E11EA69D7AB6B1FACF09B,C90E5C88511E11EA69D7AB6B1FACF09B,C90E5C88511E11EA69D7AB6B1FACF09B,1A683AEF512011EA69D7AB6B1FACF09B,1A683AEF512011EA69D7AB6B1FACF09B,1A683AEF512011EA69D7AB6B1FACF09B,1A683AEF512011EA69D7AB6B1FACF09B,1A683AEF512011EA69D7AB6B1FACF09B,1A683AEF512011EA69D7AB6B1FACF09B,1A683AEF512011EA69D7AB6B1FACF09B,1A683AEF512011EA69D7AB6B1FACF09B,615D6A4C512011EA69D7AB6B1FACF09B,615D6A4C512011EA69D7AB6B1FACF09B,615D6A4C512011EA69D7AB6B1FACF09B,615D6A4C512011EA69D7AB6B1FACF09B,615D6A4C512011EA69D7AB6B1FACF09B,615D6A4C512011EA69D7AB6B1FACF09B,615D6A4C512011EA69D7AB6B1FACF09B,615D6A4C512011EA69D7AB6B1FACF09B,849BCC28512111EA69D7AB6B1FACF09B,849BCC28512111EA69D7AB6B1FACF09B,849BCC28512111EA69D7AB6B1FACF09B,849BCC28512111EA69D7AB6B1FACF09B,849BCC28512111EA69D7AB6B1FACF09B,849BCC28512111EA69D7AB6B1FACF09B,849BCC28512111EA69D7AB6B1FACF09B,849BCC28512111EA69D7AB6B1FACF09B,C80BBE7851AE11EA69D7AB6B1FACF09B,C80BBE7851AE11EA69D7AB6B1FACF09B,C80BBE7851AE11EA69D7AB6B1FACF09B,C80BBE7851AE11EA69D7AB6B1FACF09B,C80BBE7851AE11EA69D7AB6B1FACF09B,C80BBE7851AE11EA69D7AB6B1FACF09B,C80BBE7851AE11EA69D7AB6B1FACF09B,C80BBE7851AE11EA69D7AB6B1FACF09B,80BBD8C951AF11EA69D7AB6B1FACF09B,80BBD8C951AF11EA69D7AB6B1FACF09B,80BBD8C951AF11EA69D7AB6B1FACF09B,80BBD8C951AF11EA69D7AB6B1FACF09B,80BBD8C951AF11EA69D7AB6B1FACF09B,80BBD8C951AF11EA69D7AB6B1FACF09B,80BBD8C951AF11EA69D7AB6B1FACF09B,80BBD8C951AF11EA69D7AB6B1FACF09B,8BBCD9C5527811EA69D7AB6B1FACF09B,8BBCD9C5527811EA69D7AB6B1FACF09B,8BBCD9C5527811EA69D7AB6B1FACF09B,8BBCD9C5527811EA69D7AB6B1FACF09B,8BBCD9C5527811EA69D7AB6B1FACF09B,8BBCD9C5527811EA69D7AB6B1FACF09B,8BBCD9C5527811EA69D7AB6B1FACF09B,8BBCD9C5527811EA69D7AB6B1FACF09B,4302911C527911EA69D7AB6B1FACF09B,4302911C527911EA69D7AB6B1FACF09B,4302911C527911EA69D7AB6B1FACF09B,4302911C527911EA69D7AB6B1FACF09B,4302911C527911EA69D7AB6B1FACF09B,4302911C527911EA69D7AB6B1FACF09B,4302911C527911EA69D7AB6B1FACF09B,4302911C527911EA69D7AB6B1FACF09B,D571941534011EA69D7AB6B1FACF09B,D571941534011EA69D7AB6B1FACF09B,D571941534011EA69D7AB6B1FACF09B,D571941534011EA69D7AB6B1FACF09B,D571941534011EA69D7AB6B1FACF09B,D571941534011EA69D7AB6B1FACF09B,D571941534011EA69D7AB6B1FACF09B,D571941534011EA69D7AB6B1FACF09B,3FA7AA95534011EA69D7AB6B1FACF09B,3FA7AA95534011EA69D7AB6B1FACF09B,3FA7AA95534011EA69D7AB6B1FACF09B,3FA7AA95534011EA69D7AB6B1FACF09B,3FA7AA95534011EA69D7AB6B1FACF09B,3FA7AA95534011EA69D7AB6B1FACF09B,3FA7AA95534011EA69D7AB6B1FACF09B,3FA7AA95534011EA69D7AB6B1FACF09B,8F20668D534011EA69D7AB6B1FACF09B,8F20668D534011EA69D7AB6B1FACF09B,8F20668D534011EA69D7AB6B1FACF09B,8F20668D534011EA69D7AB6B1FACF09B,8F20668D534011EA69D7AB6B1FACF09B,8F20668D534011EA69D7AB6B1FACF09B,8F20668D534011EA69D7AB6B1FACF09B,8F20668D534011EA69D7AB6B1FACF09B,D943A135534011EA69D7AB6B1FACF09B,D943A135534011EA69D7AB6B1FACF09B,D943A135534011EA69D7AB6B1FACF09B,D943A135534011EA69D7AB6B1FACF09B,D943A135534011EA69D7AB6B1FACF09B,D943A135534011EA69D7AB6B1FACF09B,D943A135534011EA69D7AB6B1FACF09B,D943A135534011EA69D7AB6B1FACF09B,2E41AFFE534111EA69D7AB6B1FACF09B,2E41AFFE534111EA69D7AB6B1FACF09B,2E41AFFE534111EA69D7AB6B1FACF09B,2E41AFFE534111EA69D7AB6B1FACF09B,2E41AFFE534111EA69D7AB6B1FACF09B,2E41AFFE534111EA69D7AB6B1FACF09B,2E41AFFE534111EA69D7AB6B1FACF09B,2E41AFFE534111EA69D7AB6B1FACF09B,63D070CF534111EA69D7AB6B1FACF09B,63D070CF534111EA69D7AB6B1FACF09B,63D070CF534111EA69D7AB6B1FACF09B,63D070CF534111EA69D7AB6B1FACF09B,63D070CF534111EA69D7AB6B1FACF09B,63D070CF534111EA69D7AB6B1FACF09B,63D070CF534111EA69D7AB6B1FACF09B,63D070CF534111EA69D7AB6B1FACF09B,8C9B0CDF534111EA69D7AB6B1FACF09B,8C9B0CDF534111EA69D7AB6B1FACF09B,8C9B0CDF534111EA69D7AB6B1FACF09B,8C9B0CDF534111EA69D7AB6B1FACF09B,8C9B0CDF534111EA69D7AB6B1FACF09B,8C9B0CDF534111EA69D7AB6B1FACF09B,8C9B0CDF534111EA69D7AB6B1FACF09B,8C9B0CDF534111EA69D7AB6B1FACF09B,62F8F891536311EA69D7AB6B1FACF09B,62F8F891536311EA69D7AB6B1FACF09B,62F8F891536311EA69D7AB6B1FACF09B,62F8F891536311EA69D7AB6B1FACF09B,62F8F891536311EA69D7AB6B1FACF09B,62F8F891536311EA69D7AB6B1FACF09B,62F8F891536311EA69D7AB6B1FACF09B,62F8F891536311EA69D7AB6B1FACF09B,612D3416536411EA69D7AB6B1FACF09B,612D3416536411EA69D7AB6B1FACF09B,612D3416536411EA69D7AB6B1FACF09B,612D3416536411EA69D7AB6B1FACF09B,612D3416536411EA69D7AB6B1FACF09B,612D3416536411EA69D7AB6B1FACF09B,612D3416536411EA69D7AB6B1FACF09B,612D3416536411EA69D7AB6B1FACF09B,2787820F540A11EA69D7AB6B1FACF09B,2787820F540A11EA69D7AB6B1FACF09B,2787820F540A11EA69D7AB6B1FACF09B,2787820F540A11EA69D7AB6B1FACF09B,2787820F540A11EA69D7AB6B1FACF09B,2787820F540A11EA69D7AB6B1FACF09B,2787820F540A11EA69D7AB6B1FACF09B,2787820F540A11EA69D7AB6B1FACF09B,7000B12D540B11EA69D7AB6B1FACF09B,7000B12D540B11EA69D7AB6B1FACF09B,7000B12D540B11EA69D7AB6B1FACF09B,7000B12D540B11EA69D7AB6B1FACF09B,7000B12D540B11EA69D7AB6B1FACF09B,7000B12D540B11EA69D7AB6B1FACF09B,7000B12D540B11EA69D7AB6B1FACF09B,7000B12D540B11EA69D7AB6B1FACF09B
,,Rotation,Rotation,Rotation,Rotation,Position,Position,Position,Mean Marker Error,Rotation,Rotation,Rotation,Rotation,Position,Position,Position,Mean Marker Error,Rotation,Rotation,Rotation,Rotation,Position,Position,Position,Mean Marker Error,Rotation,Rotation,Rotation,Rotation,Position,Position,Position,Mean Marker Error,Rotation,Rotation,Rotation,Rotation,Position,Position,Position,Mean Marker Error,Rotation,Rotation,Rotation,Rotation,Position,Position,Position,Mean Marker Error,Rotation,Rotation,Rotation,Rotation,Position,Position,Position,Mean Marker Error,Rotation,Rotation,Rotation,Rotation,Position,Position,Position,Mean Marker Error,Rotation,Rotation,Rotation,Rotation,Position,Position,Position,Mean Marker Error,Rotation,Rotation,Rotation,Rotation,Position,Position,Position,Mean Marker Error,Rotation,Rotation,Rotation,Rotation,Position,Position,Position,Mean Marker Error,Rotation,Rotation,Rotation,Rotation,Position,Position,Position,Mean Marker Error,Rotation,Rotation,Rotation,Rotation,Position,Position,Position,Mean Marker Error,Rotation,Rotation,Rotation,Rotation,Position,Position,Position,Mean Marker Error,Rotation,Rotation,Rotation,Rotation,Position,Position,Position,Mean Marker Error,Rotation,Rotation,Rotation,Rotation,Position,Position,Position,Mean Marker Error,Rotation,Rotation,Rotation,Rotation,Position,Position,Position,Mean Marker Error,Rotation,Rotation,Rotation,Rotation,Position,Position,Position,Mean Marker Error,Rotation,Rotation,Rotation,Rotation,Position,Position,Position,Mean Marker Error,Rotation,Rotation,Rotation,Rotation,Position,Position,Position,Mean Marker Error,Rotation,Rotation,Rotation,Rotation,Position,Position,Position,Mean Marker Error,Rotation,Rotation,Rotation,Rotation,Position,Position,Position,Mean Marker Error,Rotation,Rotation,Rotation,Rotation,Position,Position,Position,Mean Marker Error,Rotation,Rotation,Rotation,Rotation,Position,Position,Position,Mean Marker Error,Rotation,Rotation,Rotation,Rotation,Position,Position,Position,Mean Marker Error
Frame,Time (Seconds),X,Y,Z,W,X,Y,Z,,X,Y,Z,W,X,Y,Z,,X,Y,Z,W,X,Y,Z,,X,Y,Z,W,X,Y,Z,,X,Y,Z,W,X,Y,Z,,X,Y,Z,W,X,Y,Z,,X,Y,Z,W,X,Y,Z,,X,Y,Z,W,X,Y,Z,,X,Y,Z,W,X,Y,Z,,X,Y,Z,W,X,Y,Z,,X,Y,Z,W,X,Y,Z,,X,Y,Z,W,X,Y,Z,,X,Y,Z,W,X,Y,Z,,X,Y,Z,W,X,Y,Z,,X,Y,Z,W,X,Y,Z,,X,Y,Z,W,X,Y,Z,,X,Y,Z,W,X,Y,Z,,X,Y,Z,W,X,Y,Z,,X,Y,Z,W,X,Y,Z,,X,Y,Z,W,X,Y,Z,,X,Y,Z,W,X,Y,Z,,X,Y,Z,W,X,Y,Z,,X,Y,Z,W,X,Y,Z,,X,Y,Z,W,X,Y,Z,,X,Y,Z,W,X,Y,Z,
0,0,,,,,,,,,,,,,,,,,,,,,,,,,,,,,,,,,,,,,,,,,,,,,,,,,,,,,,,,,,,,,,,,,,,,,,,,,,,,,,,,,,,,,,,,,,,,,,,,,,,,,,,,,,,,,,,,,,,,,,,,,,,,,,,,,,,,,,,,,,,,,,,,,,,,,,,,,,,,,,,,,,,,,,,,,,,,,,,,,,,,,,,,,,,,,,,,,,,,,,,,
1,0.01,,,,,,,,,,,,,,,,,,,,,,,,,,,,,,,,,,,,,,,,,,,,,,,,,,,,,,,,,,,,,,,,,,,,,,,,,,,,,,,,,,,,,,,,,,,,,,,,,,,,,,,,,,,,,,,,,,,,,,,,,,,,,,,,,,,,,,,,,,,,,,,,,,,,,,,,,,,,,,,,,,,,,,,,,,,,,,,,,,,,,,,,,,,,,,,,,,,,,,,,
2,0.02,-0.048761,0.995263,0.014025,-0.082927,0.352837,0.193868,1.504902,0.000139,-0.055152,0.09434,0.011225,-0.993948,0.014416,0.186106,1.313533,0.000268,0.009592,0.981427,-0.024431,-0.190034,0.367747,0.203089,1.285111,0.000294,-0.030202,0.950367,-0.031232,-0.308084,0.23493,0.143155,1.350762,0.000451,-0.006572,0.999558,0.028139,-0.00697,0.475261,0.277522,1.314896,0.000509,-0.011527,0.995892,-0.085628,-0.027094,0.19567,0.203343,2.503134,0.000058,0.002981,0.999299,-0.007078,-0.036629,0.183113,0.200855,-0.039426,0.000404,,,,,,,,,,,,,,,,,,,,,,,,,,,,,,,,,,,,,,,,,-0.00616,0.999752,0.020743,-0.005264,-0.117638,0.286517,1.131923,0.000243,0.030816,0.990958,0.030455,0.126986,0.242636,0.152515,0.973644,0.000571,,,,,,,,,-0.016264,0.150404,-0.021925,-0.988248,-0.047038,0.223098,0.961337,0.000398,0.045298,0.02796,-0.007659,-0.998553,0.135102,0.118173,1.472124,0.000341,-0.034097,-0.022588,0.012011,-0.999091,0.120742,0.159133,1.284231,0.000339,0.051486,0.975476,0.008358,-0.213836,0.080002,0.164234,1.114278,0.000267,0.031516,0.003709,0.031625,-0.998996,0.376618,0.230752,0.982731,0.000979,,,,,,,,,,,,,,,,,0.054364,-0.066446,0.012955,-0.996224,0.502087,0.298179,0.952153,0.000843,0.02098,0.111956,0.010272,-0.993439,-0.126137,0.334282,1.272078,0.000077,-0.021143,-0.005137,-0.001335,-0.999762,-0.014345,0.198864,1.531591,0.000186
3,0.03,,,,,,,,,,,,,,,,,,,,,,,,,,,,,,,,,,,,,,,,,,,,,,,,,,,,,,,,,,,,,,,,,,,,,,,,,,,,,,,,,,,,,,,,,,,,,,,,,,,,,,,,,,,,,,,,,,,,,,,,,,,,,,,,,,,,,,,,,,,,,,,,,,,,,,,,,,,,,,,,,,,,,,,,,,,,,,,,,,,,,,,,,,,,,,,,,,,,,,,,
4,0.04,,,,,,,,,,,,,,,,,,,,,,,,,,,,,,,,,,,,,,,,,,,,,,,,,,,,,,,,,,,,,,,,,,,,,,,,,,,,,,,,,,,,,,,,,,,,,,,,,,,,,,,,,,,,,,,,,,,,,,,,,,,,,,,,,,,,,,,,,,,,,,,,,,,,,,,,,,,,,,,,,,,,,,,,,,,,,,,,,,,,,,,,,,,,,,,,,,,,,,,,
5,0.05,,,,,,,,,,,,,,,,,,,,,,,,,,,,,,,,,,,,,,,,,,,,,,,,,,,,,,,,,,,,,,,,,,,,,,,,,,,,,,,,,,,,,,,,,,,,,,,,,,,,,,,,,,,,,,,,,,,,,,,,,,,,,,,,,,,,,,,,,,,,,,,,,,,,,,,,,,,,,,,,,,,,,,,,,,,,,,,,,,,,,,,,,,,,,,,,,,,,,,,,
6,0.06,-0.048724,0.995363,0.01399,-0.081744,0.352856,0.193869,1.504898,0.000126,-0.055095,0.09606,0.011159,-0.993787,0.014453,0.186091,1.313534,0.000252,0.009617,0.981685,-0.024349,-0.188702,0.36779,0.203089,1.28511,0.000286,-0.030105,0.950897,-0.031163,-0.306458,0.234967,0.143148,1.350762,0.000497,-0.006506,0.999565,0.02817,-0.005782,0.475302,0.277534,1.314908,0.000495,-0.011582,0.995813,-0.086531,-0.02709,0.195667,0.203309,2.503151,0.000053,0.002808,0.999297,-0.007705,-0.036586,0.183175,0.200874,-0.039423,0.0004,,,,,,,,,,,,,,,,,,,,,,,,,,,,,,,,,,,,,,,,,-0.006241,0.999753,0.020752,-0.004991,-0.117583,0.286497,1.131918,0.000171,0.03085,0.990834,0.030476,0.127934,0.242689,0.15251,0.973643,0.000582,,,,,,,,,-0.016237,0.150738,-0.02196,-0.988196,-0.046983,0.223085,0.961346,0.000394,0.045291,0.029764,-0.007706,-0.998501,0.13514,0.118161,1.472125,0.000356,-0.03408,-0.021196,0.012,-0.999122,0.120779,0.159122,1.28423,0.000337,0.051366,0.975732,0.008365,-0.212694,0.08005,0.164222,1.11428,0.000263,0.031405,0.005008,0.031643,-0.998993,0.376668,0.230769,0.98274,0.000983,,,,,,,,,,,,,,,,,0.054347,-0.064971,0.012942,-0.996322,0.50215,0.298187,0.952151,0.000893,0.021009,0.112629,0.010269,-0.993362,-0.126097,0.334245,1.272078,0.000076,-0.021133,-0.003742,-0.001335,-0.999769,-0.014318,0.198854,1.53159,0.000211
7,0.07,,,,,,,,,,,,,,,,,,,,,,,,,,,,,,,,,,,,,,,,,,,,,,,,,,,,,,,,,,,,,,,,,,,,,,,,,,,,,,,,,,,,,,,,,,,,,,,,,,,,,,,,,,,,,,,,,,,,,,,,,,,,,,,,,,,,,,,,,,,,,,,,,,,,,,,,,,,,,,,,,,,,,,,,,,,,,,,,,,,,,,,,,,,,,,,,,,,,,,,,
8,0.08,,,,,,,,,,,,,,,,,,,,,,,,,,,,,,,,,,,,,,,,,,,,,,,,,,,,,,,,,,,,,,,,,,,,,,,,,,,,,,,,,,,,,,,,,,,,,,,,,,,,,,,,,,,,,,,,,,,,,,,,,,,,,,,,,,,,,,,,,,,,,,,,,,,,,,,,,,,,,,,,,,,,,,,,,,,,,,,,,,,,,,,,,,,,,,,,,,,,,,,,
9,0.09,-0.048812,0.995223,0.014047,-0.083376,0.352987,0.193908,1.504906,0.000151,-0.055154,0.094224,0.011198,-0.993959,0.014558,0.186076,1.313542,0.0003,0.009558,0.981386,-0.024446,-0.190244,0.367882,0.203113,1.285103,0.000294,-0.030309,0.950429,-0.031157,-0.307888,0.235075,0.14308,1.350783,0.000505,-0.006702,0.99957,0.02815,-0.004778,0.475419,0.277649,1.314901,0.00054,-0.011769,0.995813,-0.086501,-0.027126,0.195822,0.20327,2.50316,0.00005,0.002595,0.999294,-0.008234,-0.036562,0.183206,0.200907,-0.039419,0.000406,,,,,,,,,,,,,,,,,,,,,,,,,,,,,,,,,,,,,,,,,-0.00629,0.999738,0.020811,-0.007114,-0.117486,0.286509,1.131913,0.000294,0.030637,0.991141,0.030447,0.125591,0.242771,0.152518,0.973646,0.000612,,,,,,,,,-0.016274,0.148972,-0.02202,-0.988462,-0.046901,0.223077,0.961353,0.000395,0.045308,0.027528,-0.007688,-0.998564,0.135262,0.118149,1.472119,0.000328,-0.034088,-0.023138,0.012026,-0.999079,0.120897,0.159107,1.284235,0.000348,0.051501,0.975291,0.008364,-0.214674,0.080145,0.164203,1.114297,0.000256,0.031539,0.0033,0.031553,-0.998999,0.376739,0.230777,0.98274,0.00097,,,,,,,,,,,,,,,,,0.054368,-0.067424,0.012705,-0.996161,0.502226,0.298207,0.952157,0.000884,0.020901,0.110654,0.010249,-0.993586,-0.125988,0.334242,1.272082,0.000103,-0.021166,-0.005986,-0.001397,-0.999757,-0.014178,0.19886,1.531592,0.000189
10,0.1,,,,,,,,,,,,,,,,,,,,,,,,,,,,,,,,,,,,,,,,,,,,,,,,,,,,,,,,,,,,,,,,,,,,,,,,,,,,,,,,,,,,,,,,,,,,,,,,,,,,,,,,,,,,,,,,,,,,,,,,,,,,,,,,,,,,,,,,,,,,,,,,,,,,,,,,,,,,,,,,,,,,,,,,,,,,,,,,,,,,,,,,,,,,,,,,,,,,,,,,
11,0.11,,,,,,,,,,,,,,,,,,,,,,,,,,,,,,,,,,,,,,,,,,,,,,,,,,,,,,,,,,,,,,,,,,,,,,,,,,,,,,,,,,,,,,,,,,,,,,,,,,,,,,,,,,,,,,,,,,,,,,,,,,,,,,,,,,,,,,,,,,,,,,,,,,,,,,,,,,,,,,,,,,,,,,,,,,,,,,,,,,,,,,,,,,,,,,,,,,,,,,,,
12,0.12,-0.048751,0.995312,0.013999,-0.082346,0.352897,0.193871,1.504898,0.000142,-0.055116,0.09545,0.011172,-0.993844,0.014482,0.186089,1.313534,0.00026,0.009589,0.981569,-0.024383,-0.189301,0.367816,0.203099,1.285109,0.00029,-0.030158,0.950705,-0.031203,-0.307047,0.234995,0.143148,1.350764,0.000469,-0.006495,0.999563,0.028181,-0.006166,0.475333,0.277546,1.314907,0.000492,-0.011647,0.995858,-0.08601,-0.027098,0.195715,0.203304,2.503147,0.000055,0.002679,0.999296,-0.007875,-0.036576,0.183188,0.200911,-0.039422,0.000401,,,,,,,,,,,,,,,,,,,,,,,,,,,,,,,,,,,,,,,,,-0.006241,0.99975,0.020766,-0.005519,-0.117558,0.2865,1.131918,0.000188,0.030771,0.990956,0.030456,0.127013,0.242717,0.152518,0.973643,0.000563,,,,,,,,,-0.016246,0.15027,-0.021986,-0.988267,-0.046957,0.22308,0.961349,0.000381,0.045295,0.029091,-0.007708,-0.99852,0.135171,0.11816,1.472121,0.000326,-0.034086,-0.021791,0.011977,-0.99911,0.120805,0.159129,1.28423,0.000342,0.051384,0.975644,0.008353,-0.213093,0.08008,0.16422,1.114279,0.000258,0.031447,0.004432,0.031619,-0.998995,0.376698,0.230769,0.982738,0.000979,,,,,,,,,,,,,,,,,0.054355,-0.065576,0.012887,-0.996283,0.502177,0.298192,0.952152,0.000891,0.020977,0.112258,0.010267,-0.993405,-0.126068,0.33424,1.272075,0.000083,-0.021145,-0.004813,-0.0014,-0.999764,-0.014281,0.19885,1.531588,0.000187
13,0.13,,,,,,,,,,,,,,,,,,,,,,,,,,,,,,,,,,,,,,,,,,,,,,,,,,,,,,,,,,,,,,,,,,,,,,,,,,,,,,,,,,,,,,,,,,,,,,,,,,,,,,,,,,,,,,,,,,,,,,,,,,,,,,,,,,,,,,,,,,,,,,,,,,,,,,,,,,,,,,,,,,,,,,,,,,,,,,,,,,,,,,,,,,,,,,,,,,,,,,,,
14,0.14,,,,,,,,,,,,,,,,,,,,,,,,,,,,,,,,,,,,,,,,,,,,,,,,,,,,,,,,,,,,,,,,,,,,,,,,,,,,,,,,,,,,,,,,,,,,,,,,,,,,,,,,,,,,,,,,,,,,,,,,,,,,,,,,,,,,,,,,,,,,,,,,,,,,,,,,,,,,,,,,,,,,,,,,,,,,,,,,,,,,,,,,,,,,,,,,,,,,,,,,
15,0.15,-0.048701,0.995365,0.01398,-0.081735,0.35278,0.193852,1.504895,0.000112,-0.055084,0.095908,0.011214,-0.993802,0.014377,0.186102,1.313529,0.000256,0.009626,0.981628,-0.024357,-0.189,0.367711,0.203089,1.285105,0.00029,-0.030088,0.95074,-0.031171,-0.306948,0.234884,0.143152,1.350757,0.000477,-0.006521,0.999565,0.028149,-0.005926,0.475225,0.277518,1.314894,0.00049,-0.011392,0.995907,-0.08548,-0.027058,0.195577,0.203333,2.503134,0.00006,0.002926,0.999293,-0.008073,-0.03659,0.183114,0.200858,-0.039435,0.000405,,,,,,,,,,,,,,,,,,,,,,,,,,,,,,,,,,,,,,,,,-0.006186,0.999757,0.02072,-0.004218,-0.117662,0.286518,1.131916,0.000225,0.030905,0.990823,0.030468,0.12801,0.242614,0.152512,0.973639,0.000571,,,,,,,,,-0.016231,0.151352,-0.021885,-0.988104,-0.047062,0.223098,0.961333,0.000419,0.045326,0.029346,-0.007697,-0.998511,0.135051,0.118184,1.472107,0.000363,-0.034073,-0.02105,0.012039,-0.999125,0.120701,0.159129,1.284221,0.000351,0.051389,0.975797,0.008372,-0.212389,0.079971,0.164235,1.114268,0.000257,0.031447,0.00467,0.03166,-0.998993,0.376595,0.230743,0.982731,0.00101,,,,,,,,,,,,,,,,,0.054346,-0.06495,0.013013,-0.996323,0.502077,0.298167,0.952149,0.000889,0.021036,0.112771,0.010254,-0.993345,-0.126165,0.334278,1.272074,0.000069,-0.021142,-0.003807,-0.001288,-0.999768,-0.014393,0.198865,1.531584,0.000208
16,0.16,,,,,,,,,,,,,,,,,,,,,,,,,,,,,,,,,,,,,,,,,,,,,,,,,,,,,,,,,,,,,,,,,,,,,,,,,,,,,,,,,,,,,,,,,,,,,,,,,,,,,,,,,,,,,,,,,,,,,,,,,,,,,,,,,,,,,,,,,,,,,,,,,,,,,,,,,,,,,,,,,,,,,,,,,,,,,,,,,,,,,,,,,,,,,,,,,,,,,,,,
17,0.17,,,,,,,,,,,,,,,,,,,,,,,,,,,,,,,,,,,,,,,,,,,,,,,,,,,,,,,,,,,,,,,,,,,,,,,,,,,,,,,,,,,,,,,,,,,,,,,,,,,,,,,,,,,,,,,,,,,,,,,,,,,,,,,,,,,,,,,,,,,,,,,,,,,,,,,,,,,,,,,,,,,,,,,,,,,,,,,,,,,,,,,,,,,,,,,,,,,,,,,,
18,0.18,-0.048768,0.995283,0.014016,-0.08268,0.352877,0.193867,1.5049,0.000129,-0.055126,0.094974,0.011196,-0.993889,0.014459,0.186094,1.313531,0.000262,0.009593,0.981534,-0.024402,-0.189483,0.367796,0.203103,1.285109,0.000298,-0.030195,0.950545,-0.03122,-0.307536,0.234979,0.143148,1.350759,0.000471,-0.00652,0.999561,0.028163,-0.006491,0.475307,0.277539,1.314901,0.000504,-0.011666,0.995889,-0.08564,-0.027092,0.195713,0.203294,2.503141,0.000057,0.002835,0.999292,-0.008323,-0.03658,0.183158,0.200867,-0.039432,0.000403,,,,,,,,,,,,,,,,,,,,,,,,,,,,,,,,,,,,,,,,,-0.006228,0.999749,0.020747,-0.005724,-0.117581,0.286498,1.131919,0.000184,0.030781,0.990956,0.030457,0.127007,0.242689,0.152508,0.973642,0.000611,,,,,,,,,-0.016262,0.149849,-0.021975,-0.988331,-0.046984,0.22308,0.961347,0.000403,0.045299,0.028583,-0.007692,-0.998535,0.135155,0.118162,1.472122,0.00033,-0.034096,-0.02207,0.011987,-0.999103,0.12079,0.159122,1.284226,0.000338,0.051434,0.975562,0.008347,-0.213456,0.08005,0.164233,1.11428,0.00026,0.031473,0.00437,0.031589,-0.998996,0.376663,0.230768,0.982736,0.000978,,,,,,,,,,,,,,,,,0.054352,-0.066011,0.012891,-0.996254,0.502144,0.298183,0.952151,0.000885,0.020982,0.112172,0.010263,-0.993414,-0.126091,0.334252,1.272077,0.000079,-0.021133,-0.00473,-0.001356,-0.999765,-0.014299,0.198856,1.531588,0.000197
19,0.19,,,,,,,,,,,,,,,,,,,,,,,,,,,,,,,,,,,,,,,,,,,,,,,,,,,,,,,,,,,,,,,,,,,,,,,,,,,,,,,,,,,,,,,,,,,,,,,,,,,,,,,,,,,,,,,,,,,,,,,,,,,,,,,,,,,,,,,,,,,,,,,,,,,,,,,,,,,,,,,,,,,,,,,,,,,,,,,,,,,,,,,,,,,,,,,,,,,,,,,,
20,0.2,,,,,,,,,,,,,,,,,,,,,,,,,,,,,,,,,,,,,,,,,,,,,,,,,,,,,,,,,,,,,,,,,,,,,,,,,,,,,,,,,,,,,,,,,,,,,,,,,,,,,,,,,,,,,,,,,,,,,,,,,,,,,,,,,,,,,,,,,,,,,,,,,,,,,,,,,,,,,,,,,,,,,,,,,,,,,,,,,,,,,,,,,,,,,,,,,,,,,,,,
21,0.21,,,,,,,,,,,,,,,,,,,,,,,,,,,,,,,,,,,,,,,,,,,,,,,,,,,,,,,,,,,,,,,,,,,,,,,,,,,,,,,,,,,,,,,,,,,,,,,,,,,,,,,,,,,,,,,,,,,,,,,,,,,,,,,,,,,,,,,,,,,,,,,,,,,,,,,,,,,,,,,,,,,,,,,,,,,,,,,,,,,,,,,,,,,,,,,,,,,,,,,,
22,0.22,,,,,,,,,,,,,,,,,,,,,,,,,,,,,,,,,,,,,,,,,,,,,,,,,,,,,,,,,,,,,,,,,,,,,,,,,,,,,,,,,,,,,,,,,,,,,,,,,,,,,,,,,,,,,,,,,,,,,,,,,,,,,,,,,,,,,,,,,-0.03405,-0.022421,0.012004,-0.999097,0.120875,0.159128,1.284224,0.000332,0.051426,0.975487,0.008374,-0.2138,0.080136,0.164221,1.114295,0.00025,0.031484,0.003908,0.031597,-0.998997,0.376736,0.230779,0.982742,0.000974,,,,,,,,,,,,,,,,,0.054377,-0.066086,0.012808,-0.996249,0.502214,0.298207,0.952158,0.00088,0.020935,0.111817,0.010236,-0.993456,-0.126008,0.334245,1.272076,0.00009,-0.021175,-0.005296,-0.001379,-0.999761,-0.014204,0.198859,1.531596,0.000197
23,0.23,,,,,,,,,,,,,,,,,,,,,,,,,,,,,,,,,,,,,,,,,,,,,,,,,,,,,,,,,,,,,,,,,,,,,,,,,,,,,,,,,,,,,,,,,,,,,,,,,,,,,,,,,,,,,,,,,,,,,,,,,,,,,,,,,,,,,,,,,,,,,,,,,,,,,,,,,,,,,,,,,,,,,,,,,,,,,,,,,,,,,,,,,,,,,,,,,,,,,,,,
24,0.24,-0.048759,0.995308,0.014007,-0.082393,0.35287,0.193864,1.504904,0.000135,-0.055117,0.09521,0.011206,-0.993867,0.014455,0.186102,1.313533,0.000257,0.009597,0.98153,-0.024405,-0.189501,0.36779,0.203094,1.285109,0.000286,-0.030172,0.950593,-0.031203,-0.307391,0.23497,0.143147,1.350762,0.000461,-0.006553,0.999562,0.028122,-0.006463,0.475297,0.277536,1.314896,0.000492,-0.011614,0.995866,-0.085918,-0.027094,0.195688,0.203249,2.50316,0.000052,0.002898,0.999293,-0.008132,-0.036603,0.183148,0.20087,-0.039432,0.000403,,,,,,,,,,,,,,,,,,,,,,,,,,,,,,,,,,,,,,,,,-0.006212,0.999747,0.020779,-0.005938,-0.117586,0.286505,1.131923,0.000187,0.030771,0.990986,0.030459,0.126775,0.242684,0.152512,0.973647,0.000571,,,,,,,,,-0.016258,0.149812,-0.021972,-0.988337,-0.046989,0.223081,0.961347,0.000401,0.0453,0.028642,-0.007684,-0.998533,0.135144,0.118165,1.472123,0.000317,-0.034096,-0.021981,0.011991,-0.999105,0.120783,0.159126,1.284226,0.000334,0.05144,0.975558,0.008365,-0.213474,0.080044,0.164217,1.114279,0.000249,0.031509,0.00398,0.031587,-0.998996,0.376656,0.230769,0.982738,0.000984,,,,,,,,,,,,,,,,,0.054354,-0.06601,0.012881,-0.996254,0.50214,0.298184,0.952156,0.000873,0.020975,0.112122,0.010264,-0.99342,-0.126092,0.334257,1.272079,0.000091,-0.021145,-0.005083,-0.001381,-0.999763,-0.014297,0.198862,1.531589,0.000191
25,0.25,,,,,,,,,,,,,,,,,,,,,,,,,,,,,,,,,,,,,,,,,,,,,,,,,,,,,,,,,,,,,,,,,,,,,,,,,,,,,,,,,,,,,,,,,,,,,,,,,,,,,,,,,,,,,,,,,,,,,,,,,,,,,,,,,,,,,,,,,,,,,,,,,,,,,,,,,,,,,,,,,,,,,,,,,,,,,,,,,,,,,,,,,,,,,,,,,,,,,,,,
26,0.26,,,,,,,,,,,,,,,,,,,,,,,,,,,,,,,,,,,,,,,,,,,,,,,,,,,,,,,,,,,,,,,,,,,,,,,,,,,,,,,,,,,,,,,,,,,,,,,,,,,,,,,,,,,,,,,,,,,,,,,,,,,,,,,,,,,,,,,,,,,,,,,,,,,,,,,,,,,,,,,,,,,,,,,,,,,,,,,,,,,,,,,,,,,,,,,,,,,,,,,,
27,0.27,,,,,,,,,,,,,,,,,,,,,,,,,,,,,,,,,,,,,,,,,,,,,,,,,,,,,,,,,,,,,,,,,,,,,,,,,,,,,,,,,,,,,,,,,,,,,,,,,,,,,,,,,,,,,,,,,,,,,,,,,,,,,,,,,,,,,,,,,,,,,,,,,,,,,,,,,,,,,,,,,,,,,,,,,,,,,,,,,,,,,,,,,,,,,,,,,,,,,,,,
28,0.28,-0.04871,0.995354,0.013986,-0.081871,0.352823,0.193854,1.504897,0.000117,-0.055097,0.095804,0.011204,-0.993811,0.014416,0.186096,1.313537,0.000265,0.009642,0.981673,-0.024338,-0.188768,0.367752,0.203094,1.285107,0.000287,-0.030108,0.950783,-0.031173,-0.306813,0.23493,0.143161,1.350766,0.000465,-0.006506,0.999565,0.028163,-0.005919,0.475269,0.27752,1.314906,0.000493,-0.011455,0.99593,-0.085207,-0.027062,0.195632,0.203249,2.50316,0.000053,0.002839,0.999298,-0.007468,-0.036599,0.18314,0.200874,-0.039431,0.000403,,,,,,,,,,,,,,,,,,,,,,,,,,,,,,,,,,,,,,,,,-0.006183,0.999754,0.020727,-0.004928,-0.11762,0.286507,1.131922,0.000226,0.030848,0.990878,0.030471,0.127598,0.242657,0.152511,0.973644,0.000575,,,,,,,,,-0.016238,0.151031,-0.021921,-0.988153,-0.04702,0.223094,0.96134,0.000397,0.045293,0.029338,-0.007676,-0.998513,0.13511,0.118169,1.472124,0.000326,-0.034082,-0.021276,0.012024,-0.99912,0.120742,0.159128,1.284227,0.000348,0.051384,0.975747,0.008371,-0.212621,0.080011,0.164225,1.114274,0.000257,0.031435,0.004802,0.03164,-0.998993,0.376639,0.230765,0.98274,0.00099,,,,,,,,,,,,,,,,,0.054351,-0.065409,0.012956,-0.996293,0.502115,0.298179,0.952153,0.000889,0.021,0.112445,0.010297,-0.993383,-0.126124,0.334267,1.272077,0.000085,-0.021131,-0.004212,-0.001318,-0.999767,-0.01435,0.198859,1.53159,0.000187
29,0.29,,,,,,,,,,,,,,,,,,,,,,,,,,,,,,,,,,,,,,,,,,,,,,,,,,,,,,,,,,,,,,,,,,,,,,,,,,,,,,,,,,,,,,,,,,,,,,,,,,,,,,,,,,,,,,,,,,,,,,,,,,,,,,,,,,,,,,,,,,,,,,,,,,,,,,,,,,,,,,,,,,,,,,,,,,,,,,,,,,,,,,,,,,,,,,,,,,,,,,,,
30,0.3,,,,,,,,,,,,,,,,,,,,,,,,,,,,,,,,,,,,,,,,,,,,,,,,,,,,,,,,,,,,,,,,,,,,,,,,,,,,,,,,,,,,,,,,,,,,,,,,,,,,,,,,,,,,,,,,,,,,,,,,,,,,,,,,,,,,,,,,,,,,,,,,,,,,,,,,,,,,,,,,,,,,,,,,,,,,,,,,,,,,,,,,,,,,,,,,,,,,,,,,
31,0.31,,,,,,,,,,,,,,,,,,,,,,,,,,,,,,,,,,,,,,,,,,,,,,,,,,,,,,,,,,,,,,,,,,,,,,,,,,,,,,,,,,,,,,,,,,,,,,,,,,,,,,,,,,,,,,,,,,,,,,,,,,,,,,,,,,,,,,,,,,,,,,,,,,,,,,,,,,,,,,,,,,,,,,,,,,,,,,,,,,,,,,,,,,,,,,,,,,,,,,,,
32,0.32,-0.048757,0.995336,0.013988,-0.082053,0.352902,0.193874,1.504901,0.000108,-0.055101,0.095723,0.01118,-0.993819,0.014491,0.186093,1.313532,0.000263,0.009598,0.981616,-0.024365,-0.189063,0.367823,0.203097,1.285108,0.00028,-0.030154,0.950763,-0.031186,-0.306868,0.235008,0.143137,1.35076,0.000485,-0.006488,0.999565,0.028167,-0.005943,0.475336,0.277548,1.314905,0.00049,-0.011747,0.995853,-0.08605,-0.02711,0.195722,0.203223,2.503166,0.000053,0.002695,0.99929,-0.008747,-0.036561,0.183192,0.200897,-0.039422,0.000411,,,,,,,,,,,,,,,,,,,,,,,,,,,,,,,,,,,,,,,,,-0.006246,0.999749,0.02076,-0.005613,-0.117552,0.286493,1.13192,0.000177,0.030756,0.990991,0.030455,0.126744,0.242722,0.152519,0.973644,0.000576,,,,,,,,,-0.016248,0.150012,-0.021985,-0.988306,-0.046952,0.223076,0.961347,0.000379,0.04529,0.02875,-0.007714,-0.99853,0.135186,0.118152,1.472123,0.000327,-0.034082,-0.021517,0.011981,-0.999116,0.120815,0.15912,1.284228,0.000321,0.051378,0.97567,0.008362,-0.212975,0.080088,0.164221,1.114277,0.000272,0.031472,0.00423,0.031597,-0.998996,0.376698,0.230772,0.982738,0.000986,,,,,,,,,,,,,,,,,0.054357,-0.06574,0.012868,-0.996272,0.50218,0.298194,0.952157,0.00088,0.020974,0.112165,0.010252,-0.993415,-0.126058,0.334243,1.272076,0.000088,-0.021167,-0.004788,-0.00134,-0.999764,-0.01425,0.19886,1.531591,0.000186
33,0.33,,,,,,,,,,,,,,,,,,,,,,,,,,,,,,,,,,,,,,,,,,,,,,,,,,,,,,,,,,,,,,,,,,,,,,,,,,,,,,,,,,,,,,,,,,,,,,,,,,,,,,,,,,,,,,,,,,,,,,,,,,,,,,,,,,,,,,,,,,,,,,,,,,,,,,,,,,,,,,,,,,,,,,,,,,,,,,,,,,,,,,,,,,,,,,,,,,,,,,,,
34,0.34,,,,,,,,,,,,,,,,,,,,,,,,,,,,,,,,,,,,,,,,,,,,,,,,,,,,,,,,,,,,,,,,,,,,,,,,,,,,,,,,,,,,,,,,,,,,,,,,,,,,,,,,,,,,,,,,,,,,,,,,,,,,,,,,,,,,,,,,,,,,,,,,,,,,,,,,,,,,,,,,,,,,,,,,,,,,,,,,,,,,,,,,,,,,,,,,,,,,,,,,
35,0.35,,,,,,,,,,,,,,,,,,,,,,,,,,,,,,,,,,,,,,,,,,,,,,,,,,,,,,,,,,,,,,,,,,,,,,,,,,,,,,,,,,,,,,,,,,,,,,,,,,,,,,,,,,,,,,,,,,,,,,,,,,,,,,,,,,,,,,,,,,,,,,,,,,,,,,,,,,,,,,,,,,,,,,,,,,,,,,,,,,,,,,,,,,,,,,,,,,,,,,,,
36,0.36,-0.048757,0.995315,0.013993,-0.082311,0.352878,0.193869,1.504896,0.000142,-0.055126,0.095341,0.011206,-0.993854,0.014466,0.186099,1.313533,0.00027,0.009581,0.981562,-0.02439,-0.18934,0.367788,0.203104,1.285106,0.000286,-0.030176,0.950619,-0.031205,-0.307311,0.234979,0.143147,1.35076,0.000469,-0.006543,0.999562,0.028148,-0.006452,0.475309,0.277528,1.3149,0.000501,-0.0117,0.995859,-0.085978,-0.027115,0.195703,0.203283,2.503148,0.000057,0.002798,0.999297,-0.007667,-0.03659,0.183158,0.200865,-0.039433,0.000406,,,,,,,,,,,,,,,,,,,,,,,,,,,,,,,,,,,,,,,,,-0.00622,0.999749,0.020761,-0.005719,-0.117569,0.286505,1.131916,0.000183,0.030765,0.991002,0.030462,0.126652,0.242692,0.152517,0.973637,0.000576,,,,,,,,,-0.016257,0.149837,-0.021975,-0.988333,-0.046979,0.223085,0.961341,0.000382,0.045301,0.028636,-0.007689,-0.998533,0.135155,0.118163,1.472121,0.000323,-0.034089,-0.022064,0.011989,-0.999103,0.120789,0.15913,1.284228,0.000334,0.051443,0.975547,0.008359,-0.213522,0.08005,0.164214,1.114273,0.000266,0.031488,0.004069,0.031608,-0.998996,0.376671,0.230774,0.982732,0.000984,,,,,,,,,,,,,,,,,0.054373,-0.066063,0.01288,-0.99625,0.502145,0.298191,0.952151,0.00088,0.020975,0.11208,0.010268,-0.993425,-0.126078,0.334255,1.272074,0.000077,-0.021146,-0.005228,-0.001377,-0.999762,-0.014291,0.198858,1.531587,0.000203
37,0.37,,,,,,,,,,,,,,,,,,,,,,,,,,,,,,,,,,,,,,,,,,,,,,,,,,,,,,,,,,,,,,,,,,,,,,,,,,,,,,,,,,,,,,,,,,,,,,,,,,,,,,,,,,,,,,,,,,,,,,,,,,,,,,,,,,,,,,,,,,,,,,,,,,,,,,,,,,,,,,,,,,,,,,,,,,,,,,,,,,,,,,,,,,,,,,,,,,,,,,,,
38,0.38,,,,,,,,,,,,,,,,,,,,,,,,,,,,,,,,,,,,,,,,,,,,,,,,,,,,,,,,,,,,,,,,,,,,,,,,,,,,,,,,,,,,,,,,,,,,,,,,,,,,,,,,,,,,,,,,,,,,,,,,,,,,,,,,,,,,,,,,,,,,,,,,,,,,,,,,,,,,,,,,,,,,,,,,,,,,,,,,,,,,,,,,,,,,,,,,,,,,,,,,
39,0.39,,,,,,,,,,,,,,,,,,,,,,,,,,,,,,,,,,,,,,,,,,,,,,,,,,,,,,,,,,,,,,,,,,,,,,,,,,,,,,,,,,,,,,,,,,,,,,,,,,,,,,,,,,,,,,,,,,,,,,,,,,,,,,,,,,,,,,,,,,,,,,,,,,,,,,,,,,,,,,,,,,,,,,,,,,,,,,,,,,,,,,,,,,,,,,,,,,,,,,,,
40,0.4,-0.048773,0.995279,0.014017,-0.082735,0.352895,0.193874,1.504903,0.000153,-0.055137,0.094874,0.011178,-0.993898,0.014473,0.1861,1.313529,0.000256,0.009576,0.981478,-0.024403,-0.189774,0.367808,0.203101,1.285109,0.000297,-0.030195,0.950571,-0.03122,-0.307456,0.23499,0.143154,1.350762,0.000508,-0.006656,0.999574,0.02816,-0.003928,0.475348,0.277599,1.314913,0.000507,-0.011691,0.995846,-0.086137,-0.027093,0.19572,0.20333,2.503136,0.000058,0.002834,0.999293,-0.008036,-0.036608,0.183169,0.200867,-0.03944,0.000403,,,,,,,,,,,,,,,,,,,,,,,,,,,,,,,,,,,,,,,,,-0.006234,0.999748,0.020757,-0.005804,-0.11757,0.286501,1.131922,0.000179,0.030754,0.991013,0.030456,0.126567,0.242701,0.152517,0.973644,0.000583,,,,,,,,,-0.016259,0.149634,-0.021981,-0.988363,-0.04697,0.223074,0.961347,0.000405,0.045292,0.028341,-0.007696,-0.998542,0.135166,0.118157,1.472121,0.000334,-0.034105,-0.0224,0.011976,-0.999095,0.120804,0.159123,1.284226,0.000324,0.051457,0.975472,0.00835,-0.213863,0.080069,0.164214,1.11428,0.00026,0.031501,0.00386,0.0316,-0.998997,0.376685,0.230766,0.982738,0.000975,,,,,,,,,,,,,,,,,0.054366,-0.066185,0.012876,-0.996242,0.502165,0.298185,0.952154,0.000888,0.020968,0.112003,0.010254,-0.993434,-0.126073,0.334253,1.272074,0.000087,-0.021147,-0.005253,-0.001402,-0.999762,-0.014279,0.198857,1.531587,0.000203
41,0.41,,,,,,,,,,,,,,,,,,,,,,,,,,,,,,,,,,,,,,,,,,,,,,,,,,,,,,,,,,,,,,,,,,,,,,,,,,,,,,,,,,,,,,,,,,,,,,,,,,,,,,,,,,,,,,,,,,,,,,,,,,,,,,,,,,,,,,,,,,,,,,,,,,,,,,,,,,,,,,,,,,,,,,,,,,,,,,,,,,,,,,,,,,,,,,,,,,,,,,,,
42,0.42,,,,,,,,,,,,,,,,,,,,,,,,,,,,,,,,,,,,,,,,,,,,,,,,,,,,,,,,,,,,,,,,,,,,,,,,,,,,,,,,,,,,,,,,,,,,,,,,,,,,,,,,,,,,,,,,,,,,,,,,,,,,,,,,,,,,,,,,,,,,,,,,,,,,,,,,,,,,,,,,,,,,,,,,,,,,,,,,,,,,,,,,,,,,,,,,,,,,,,,,
43,0.43,-0.048763,0.995328,0.013986,-0.082149,0.352886,0.193873,1.504897,0.000143,-0.055108,0.095691,0.011177,-0.993822,0.014483,0.186096,1.313535,0.00026,0.009583,0.981572,-0.024384,-0.189291,0.367808,0.203102,1.285111,0.000288,-0.030153,0.950725,-0.031193,-0.306984,0.234989,0.143152,1.350762,0.000503,-0.006521,0.999563,0.028164,-0.006229,0.475322,0.277543,1.314904,0.000498,-0.011672,0.995907,-0.085431,-0.027103,0.195709,0.203334,2.503131,0.000058,0.002573,0.999295,-0.008227,-0.036545,0.183195,0.200911,-0.039432,0.000408,,,,,,,,,,,,,,,,,,,,,,,,,,,,,,,,,,,,,,,,,-0.006231,0.999751,0.020746,-0.005404,-0.117564,0.286496,1.131919,0.000189,0.030784,0.990935,0.030465,0.127173,0.242713,0.152518,0.973646,0.000557,,,,,,,,,-0.016238,0.150584,-0.021968,-0.98822,-0.046965,0.223075,0.961345,0.000387,0.045296,0.029195,-0.007705,-0.998517,0.135166,0.118155,1.472124,0.000335,-0.034081,-0.021705,0.011981,-0.999112,0.1208,0.159131,1.284232,0.00034,0.051377,0.975652,0.008359,-0.213058,0.080077,0.16422,1.11428,0.000272,0.031439,0.004801,0.031615,-0.998994,0.376685,0.230772,0.982739,0.000993,,,,,,,,,,,,,,,,,0.054359,-0.065341,0.012887,-0.996298,0.50217,0.29819,0.952156,0.000884,0.020987,0.112456,0.010245,-0.993382,-0.126074,0.334239,1.272075,0.000083,-0.021133,-0.004183,-0.001359,-0.999767,-0.014292,0.198856,1.531589,0.000209
44,0.44,,,,,,,,,,,,,,,,,,,,,,,,,,,,,,,,,,,,,,,,,,,,,,,,,,,,,,,,,,,,,,,,,,,,,,,,,,,,,,,,,,,,,,,,,,,,,,,,,,,,,,,,,,,,,,,,,,,,,,,,,,,,,,,,,,,,,,,,,,,,,,,,,,,,,,,,,,,,,,,,,,,,,,,,,,,,,,,,,,,,,,,,,,,,,,,,,,,,,,,,
45,0.45,,,,,,,,,,,,,,,,,,,,,,,,,,,,,,,,,,,,,,,,,,,,,,,,,,,,,,,,,,,,,,,,,,,,,,,,,,,,,,,,,,,,,,,,,,,,,,,,,,,,,,,,,,,,,,,,,,,,,,,,,,,,,,,,,,,,,,,,,,,,,,,,,,,,,,,,,,,,,,,,,,,,,,,,,,,,,,,,,,,,,,,,,,,,,,,,,,,,,,,,
46,0.46,,,,,,,,,,,,,,,,,,,,,,,,,,,,,,,,,,,,,,,,,,,,,,,,,,,,,,,,,,,,,,,,,,,,,,,,,,,,,,,,,,,,,,,,,,,,,,,,,,,,,,,,,,,,,,,,,,,,,,,,,,,,,,,,,,,,,,,,,,,,,,,,,,,,,,,,,,,,,,,,,,,,,,,,,,,,,,,,,,,,,,,,,,,,,,,,,,,,,,,,
47,0.47,-0.048735,0.99531,0.014007,-0.082377,0.352835,0.193861,1.504901,0.000141,-0.055115,0.095285,0.011183,-0.99386,0.01442,0.186098,1.313527,0.000256,0.009603,0.981522,-0.024383,-0.189545,0.367759,0.203097,1.285105,0.000294,-0.03014,0.950691,-0.031186,-0.307092,0.234935,0.143153,1.350766,0.000488,-0.006559,0.999562,0.02815,-0.006368,0.47527,0.277529,1.3149,0.000493,-0.011494,0.995854,-0.086078,-0.02707,0.195657,0.203348,2.503131,0.000058,0.002915,0.999294,-0.008064,-0.036582,0.183141,0.200864,-0.039427,0.000398,,,,,,,,,,,,,,,,,,,,,,,,,,,,,,,,,,,,,,,,,-0.006184,0.999753,0.020738,-0.004975,-0.11763,0.286505,1.131924,0.000232,0.030838,0.990887,0.030473,0.127528,0.242655,0.152508,0.973645,0.000584,,,,,,,,,-0.016237,0.151032,-0.021914,-0.988153,-0.047021,0.2231,0.96134,0.000378,0.045298,0.028902,-0.007678,-0.998526,0.135111,0.118165,1.472124,0.000343,-0.034095,-0.022037,0.012005,-0.999103,0.120752,0.159117,1.284225,0.000343,0.051413,0.975647,0.008362,-0.213071,0.080016,0.164223,1.114277,0.000272,0.031463,0.004603,0.031622,-0.998994,0.376638,0.230767,0.982738,0.001,,,,,,,,,,,,,,,,,0.05435,-0.065766,0.012948,-0.99627,0.502114,0.298182,0.952152,0.000876,0.021025,0.112419,0.010277,-0.993385,-0.12613,0.334267,1.272079,0.000088,-0.021138,-0.004441,-0.00133,-0.999766,-0.014344,0.198861,1.531587,0.000207
48,0.48,,,,,,,,,,,,,,,,,,,,,,,,,,,,,,,,,,,,,,,,,,,,,,,,,,,,,,,,,,,,,,,,,,,,,,,,,,,,,,,,,,,,,,,,,,,,,,,,,,,,,,,,,,,,,,,,,,,,,,,,,,,,,,,,,,,,,,,,,,,,,,,,,,,,,,,,,,,,,,,,,,,,,,,,,,,,,,,,,,,,,,,,,,,,,,,,,,,,,,,,
49,0.49,,,,,,,,,,,,,,,,,,,,,,,,,,,,,,,,,,,,,,,,,,,,,,,,,,,,,,,,,,,,,,,,,,,,,,,,,,,,,,,,,,,,,,,,,,,,,,,,,,,,,,,,,,,,,,,,,,,,,,,,,,,,,,,,,,,,,,,,,,,,,,,,,,,,,,,,,,,,,,,,,,,,,,,,,,,,,,,,,,,,,,,,,,,,,,,,,,,,,,,,
50,0.5,,,,,,,,,,,,,,,,,,,,,,,,,,,,,,,,,,,,,,,,,,,,,,,,,,,,,,,,,,,,,,,,,,,,,,,,,,,,,,,,,,,,,,,,,,,,,,,,,,,,,,,,,,,,,,,,,,,,,,,,,,,,,,,,,,,,,,,,,,,,,,,,,,,,,,,,,,,,,,,,,,,,,,,,,,,,,,,,,,,,,,,,,,,,,,,,,,,,,,,,
51,0.51,-0.048781,0.99529,0.014009,-0.082593,0.352921,0.193877,1.504899,0.000136,-0.055129,0.095298,0.011185,-0.993858,0.014508,0.186095,1.313534,0.000254,0.009574,0.9815,-0.024403,-0.189659,0.367827,0.203098,1.285107,0.000288,-0.030186,0.950642,-0.031204,-0.307238,0.235015,0.143137,1.35076,0.000477,-0.006647,0.999574,0.028152,-0.003897,0.475369,0.277607,1.314912,0.000496,-0.011821,0.995826,-0.086346,-0.027124,0.195748,0.20325,2.503159,0.000049,0.002735,0.999287,-0.008885,-0.036588,0.183187,0.200892,-0.039416,0.000407,,,,,,,,,,,,,,,,,,,,,,,,,,,,,,,,,,,,,,,,,-0.006271,0.999742,0.020807,-0.006615,-0.117521,0.286524,1.131907,0.000306,0.030725,0.991012,0.030459,0.126584,0.242731,0.152514,0.973645,0.000586,,,,,,,,,-0.016251,0.149955,-0.021988,-0.988315,-0.046949,0.223076,0.96135,0.000399,0.045289,0.028603,-0.007715,-0.998535,0.135195,0.118154,1.472122,0.000322,-0.034094,-0.022263,0.011964,-0.999099,0.120826,0.159122,1.284231,0.000344,0.051432,0.975497,0.008353,-0.213753,0.080089,0.164217,1.114282,0.000261,0.031492,0.003933,0.031609,-0.998996,0.376703,0.23077,0.982741,0.000992,,,,,,,,,,,,,,,,,0.054359,-0.065995,0.012843,-0.996255,0.502182,0.298195,0.952154,0.000878,0.020948,0.111825,0.010258,-0.993454,-0.126047,0.334246,1.272075,0.000096,-0.021174,-0.005063,-0.001341,-0.999762,-0.014236,0.198857,1.531592,0.000212
52,0.52,,,,,,,,,,,,,,,,,,,,,,,,,,,,,,,,,,,,,,,,,,,,,,,,,,,,,,,,,,,,,,,,,,,,,,,,,,,,,,,,,,,,,,,,,,,,,,,,,,,,,,,,,,,,,,,,,,,,,,,,,,,,,,,,,,,,,,,,,,,,,,,,,,,,,,,,,,,,,,,,,,,,,,,,,,,,,,,,,,,,,,,,,,,,,,,,,,,,,,,,
53,0.53,,,,,,,,,,,,,,,,,,,,,,,,,,,,,,,,,,,,,,,,,,,,,,,,,,,,,,,,,,,,,,,,,,,,,,,,,,,,,,,,,,,,,,,,,,,,,,,,,,,,,,,,,,,,,,,,,,,,,,,,,,,,,,,,,,,,,,,,,,,,,,,,,,,,,,,,,,,,,,,,,,,,,,,,,,,,,,,,,,,,,,,,,,,,,,,,,,,,,,,,
54,0.54,,,,,,,,,,,,,,,,,,,,,,,,,,,,,,,,,,,,,,,,,,,,,,,,,,,,,,,,,,,,,,,,,,,,,,,,,,,,,,,,,,,,,,,,,,,,,,,,,,,,,,,,,,,,,,,,,,,,,,,,,,,,,,,,,,,,,,,,,,,,,,,,,,,,,,,,,,,,,,,,,,,,,,,,,,,,,,,,,,,,,,,,,,,,,,,,,,,,,,,,
55,0.55,,,,,,,,,,,,,,,,,,,,,,,,,,,,,,,,,,,,,,,,,,,,,,,,,,,,,,,,,,,,,,,,,,,,,,,,,,,,,,,,,,,,,,,,,,,,,,,,,,,,,,,,,,,,,,,,,,,,,,,,,,,,,,,,,,,,,,,,,,,,,,,,,,,,,,,,,,,,,,,,,,,,,,,,,,,,,,,,,,,,,,,,,,,,,,,,,,,,,,,,
56,0.56,-0.048761,0.995282,0.014007,-0.082698,0.35287,0.193872,1.504901,0.000136,-0.055129,0.095269,0.01118,-0.993861,0.014455,0.186095,1.313529,0.000265,0.009608,0.981514,-0.024381,-0.189589,0.367795,0.203097,1.285109,0.000292,-0.030178,0.950624,-0.031209,-0.307292,0.234978,0.143151,1.350761,0.000488,-0.006557,0.999562,0.028145,-0.006451,0.475303,0.277537,1.314903,0.000503,-0.011658,0.995851,-0.086081,-0.027101,0.195707,0.203311,2.503146,0.000057,0.002838,0.999295,-0.007857,-0.036607,0.183157,0.200888,-0.039424,0.0004,,,,,,,,,,,,,,,,,,,,,,,,,,,,,,,,,,,,,,,,,-0.006225,0.99975,0.020753,-0.005479,-0.117585,0.286497,1.131917,0.00018,0.030797,0.990935,0.030464,0.12717,0.242689,0.15251,0.973639,0.000597,,,,,,,,,-0.016251,0.150213,-0.021971,-0.988276,-0.046986,0.223079,0.961343,0.000384,0.045296,0.028702,-0.007693,-0.998532,0.13515,0.118154,1.472122,0.000323,-0.034097,-0.022266,0.011988,-0.999099,0.120785,0.15912,1.28423,0.000326,0.051441,0.975543,0.008353,-0.213541,0.080052,0.164223,1.114276,0.000271,0.031451,0.004681,0.031632,-0.998994,0.376665,0.230772,0.982736,0.000978,,,,,,,,,,,,,,,,,0.054355,-0.065617,0.012903,-0.99628,0.502151,0.298185,0.952151,0.000889,0.02099,0.112355,0.010257,-0.993394,-0.126091,0.334251,1.272074,0.000074,-0.021142,-0.004965,-0.001391,-0.999763,-0.014295,0.198853,1.531588,0.000204
57,0.57,,,,,,,,,,,,,,,,,,,,,,,,,,,,,,,,,,,,,,,,,,,,,,,,,,,,,,,,,,,,,,,,,,,,,,,,,,,,,,,,,,,,,,,,,,,,,,,,,,,,,,,,,,,,,,,,,,,,,,,,,,,,,,,,,,,,,,,,,,,,,,,,,,,,,,,,,,,,,,,,,,,,,,,,,,,,,,,,,,,,,,,,,,,,,,,,,,,,,,,,
58,0.58,,,,,,,,,,,,,,,,,,,,,,,,,,,,,,,,,,,,,,,,,,,,,,,,,,,,,,,,,,,,,,,,,,,,,,,,,,,,,,,,,,,,,,,,,,,,,,,,,,,,,,,,,,,,,,,,,,,,,,,,,,,,,,,,,,,,,,,,,,,,,,,,,,,,,,,,,,,,,,,,,,,,,,,,,,,,,,,,,,,,,,,,,,,,,,,,,,,,,,,,
59,0.59,-0.048692,0.995377,0.013979,-0.081603,0.352775,0.193854,1.504895,0.000098,-0.055086,0.095969,0.011225,-0.993796,0.014377,0.186099,1.31353,0.000267,0.009628,0.981625,-0.024362,-0.189016,0.367704,0.203088,1.285104,0.000288,-0.03008,0.950782,-0.031163,-0.306819,0.234878,0.143153,1.350758,0.000457,-0.006513,0.999567,0.028139,-0.005678,0.475223,0.277515,1.314895,0.000493,-0.011485,0.995935,-0.085138,-0.027067,0.195568,0.203285,2.503152,0.00006,0.002909,0.999295,-0.007793,-0.036602,0.183114,0.200845,-0.03943,0.000405,,,,,,,,,,,,,,,,,,,,,,,,,,,,,,,,,,,,,,,,,-0.006175,0.999757,0.02072,-0.004315,-0.117662,0.286515,1.131917,0.00022,0.030909,0.990806,0.030464,0.128139,0.242613,0.152505,0.973642,0.000561,,,,,,,,,-0.016225,0.151595,-0.021885,-0.988067,-0.047059,0.223096,0.961333,0.000402,0.045333,0.029474,-0.007692,-0.998507,0.135051,0.118183,1.472112,0.000354,-0.034065,-0.021099,0.012048,-0.999124,0.120699,0.159128,1.284223,0.000351,0.051373,0.975846,0.008374,-0.212168,0.079969,0.164231,1.114268,0.000272,0.031446,0.004611,0.031652,-0.998994,0.376595,0.230735,0.982734,0.001004,,,,,,,,,,,,,,,,,0.054327,-0.065006,0.012995,-0.99632,0.502075,0.298168,0.952149,0.000894,0.021039,0.112682,0.010208,-0.993356,-0.126166,0.334281,1.272072,0.000064,-0.021129,-0.003994,-0.001285,-0.999768,-0.014392,0.19886,1.531585,0.000204
60,0.6,,,,,,,,,,,,,,,,,,,,,,,,,,,,,,,,,,,,,,,,,,,,,,,,,,,,,,,,,,,,,,,,,,,,,,,,,,,,,,,,,,,,,,,,,,,,,,,,,,,,,,,,,,,,,,,,,,,,,,,,,,,,,,,,,,,,,,,,,,,,,,,,,,,,,,,,,,,,,,,,,,,,,,,,,,,,,,,,,,,,,,,,,,,,,,,,,,,,,,,,
61,0.61,,,,,,,,,,,,,,,,,,,,,,,,,,,,,,,,,,,,,,,,,,,,,,,,,,,,,,,,,,,,,,,,,,,,,,,,,,,,,,,,,,,,,,,,,,,,,,,,,,,,,,,,,,,,,,,,,,,,,,,,,,,,,,,,,,,,,,,,,,,,,,,,,,,,,,,,,,,,,,,,,,,,,,,,,,,,,,,,,,,,,,,,,,,,,,,,,,,,,,,,
62,0.62,,,,,,,,,,,,,,,,,,,,,,,,,,,,,,,,,,,,,,,,,,,,,,,,,,,,,,,,,,,,,,,,,,,,,,,,,,,,,,,,,,,,,,,,,,,,,,,,,,,,,,,,,,,,,,,,,,,,,,,,,,,,,,,,,,,,,,,,,,,,,,,,,,,,,,,,,,,,,,,,,,,,,,,,,,,,,,,,,,,,,,,,,,,,,,,,,,,,,,,,
63,0.63,,,,,,,,,,,,,,,,,,,,,,,,,,,,,,,,,,,,,,,,,,,,,,,,,,,,,,,,,,,,,,,,,,,,,,,,,,,,,,,,,,,,,,,,,,,,,,,,,,,,,,,,,,,,,,,,,,,,,,,,,,,,,,,,,,,,,,,,,,,,,,,,,,,,,,,,,,,,,,,,,,,,,,,,,,,,,,,,,,,,,,,,,,,,,,,,,,,,,,,,
64,0.64,-0.048768,0.995306,0.014004,-0.082405,0.352934,0.193882,1.504897,0.000143,-0.055108,0.095686,0.01116,-0.993822,0.014516,0.186089,1.313538,0.00026,0.009605,0.981575,-0.024378,-0.189273,0.367856,0.203094,1.285107,0.000296,-0.030206,0.950832,-0.031093,-0.30666,0.235038,0.143073,1.350783,0.000552,-0.006627,0.999575,0.028175,-0.003605,0.475391,0.277615,1.314915,0.000497,-0.011755,0.995886,-0.085657,-0.027115,0.195759,0.203319,2.503139,0.000057,0.002688,0.99929,-0.008665,-0.036566,0.183212,0.200898,-0.039425,0.000407,,,,,,,,,,,,,,,,,,,,,,,,,,,,,,,,,,,,,,,,,-0.006287,0.999743,0.020827,-0.006416,-0.117508,0.286511,1.131907,0.000301,0.030744,0.990966,0.030469,0.126933,0.242754,0.152511,0.973644,0.000595,,,,,,,,,-0.016237,0.150214,-0.021993,-0.988275,-0.046932,0.223071,0.961349,0.000389,0.045292,0.029041,-0.007734,-0.998522,0.13521,0.118146,1.472125,0.00032,-0.034092,-0.02191,0.011955,-0.999107,0.120841,0.15912,1.284236,0.000327,0.051404,0.975552,0.00838,-0.213506,0.08012,0.164212,1.114293,0.000244,0.031454,0.004336,0.031615,-0.998996,0.376725,0.230771,0.98274,0.000997,,,,,,,,,,,,,,,,,0.054369,-0.065595,0.012855,-0.996281,0.502207,0.298197,0.952156,0.000901,0.020985,0.112334,0.010255,-0.993396,-0.126038,0.334227,1.272076,0.000083,-0.02117,-0.004846,-0.001355,-0.999763,-0.014231,0.198861,1.531595,0.000222
65,0.65,,,,,,,,,,,,,,,,,,,,,,,,,,,,,,,,,,,,,,,,,,,,,,,,,,,,,,,,,,,,,,,,,,,,,,,,,,,,,,,,,,,,,,,,,,,,,,,,,,,,,,,,,,,,,,,,,,,,,,,,,,,,,,,,,,,,,,,,,,,,,,,,,,,,,,,,,,,,,,,,,,,,,,,,,,,,,,,,,,,,,,,,,,,,,,,,,,,,,,,,
66,0.66,,,,,,,,,,,,,,,,,,,,,,,,,,,,,,,,,,,,,,,,,,,,,,,,,,,,,,,,,,,,,,,,,,,,,,,,,,,,,,,,,,,,,,,,,,,,,,,,,,,,,,,,,,,,,,,,,,,,,,,,,,,,,,,,,,,,,,,,,,,,,,,,,,,,,,,,,,,,,,,,,,,,,,,,,,,,,,,,,,,,,,,,,,,,,,,,,,,,,,,,
67,0.67,-0.048784,0.995284,0.014013,-0.082663,0.35295,0.193886,1.504903,0.00014,-0.055125,0.095143,0.01122,-0.993873,0.014536,0.186098,1.313538,0.000268,0.009563,0.981506,-0.024396,-0.189628,0.367852,0.203109,1.285104,0.000293,-0.030192,0.950685,-0.031201,-0.307105,0.235054,0.143135,1.350762,0.000505,-0.006631,0.999574,0.028142,-0.004057,0.475399,0.27762,1.314913,0.000506,-0.011833,0.995869,-0.08584,-0.027133,0.195779,0.203225,2.50317,0.000054,0.002697,0.999295,-0.008119,-0.036567,0.183189,0.200916,-0.039425,0.000407,,,,,,,,,,,,,,,,,,,,,,,,,,,,,,,,,,,,,,,,,-0.006281,0.999738,0.020828,-0.007097,-0.1175,0.286518,1.13191,0.000305,0.030672,0.991104,0.030448,0.125874,0.242759,0.152512,0.973646,0.000618,,,,,,,,,-0.016263,0.149108,-0.022019,-0.988442,-0.046918,0.223071,0.961351,0.000413,0.045303,0.028063,-0.007682,-0.998549,0.135239,0.118152,1.47212,0.000326,-0.034121,-0.022491,0.011988,-0.999093,0.120861,0.159114,1.284247,0.000349,0.051492,0.975375,0.008378,-0.214294,0.080123,0.164203,1.114297,0.000247,0.03154,0.00334,0.031576,-0.998998,0.376727,0.230774,0.982743,0.00098,,,,,,,,,,,,,,,,,0.054375,-0.067296,0.012732,-0.996169,0.502209,0.298202,0.952158,0.000907,0.020904,0.110882,0.010239,-0.993561,-0.126003,0.334242,1.27208,0.000108,-0.021164,-0.005113,-0.001353,-0.999762,-0.01421,0.198852,1.531595,0.000175
68,0.68,,,,,,,,,,,,,,,,,,,,,,,,,,,,,,,,,,,,,,,,,,,,,,,,,,,,,,,,,,,,,,,,,,,,,,,,,,,,,,,,,,,,,,,,,,,,,,,,,,,,,,,,,,,,,,,,,,,,,,,,,,,,,,,,,,,,,,,,,,,,,,,,,,,,,,,,,,,,,,,,,,,,,,,,,,,,,,,,,,,,,,,,,,,,,,,,,,,,,,,,
69,0.69,,,,,,,,,,,,,,,,,,,,,,,,,,,,,,,,,,,,,,,,,,,,,,,,,,,,,,,,,,,,,,,,,,,,,,,,,,,,,,,,,,,,,,,,,,,,,,,,,,,,,,,,,,,,,,,,,,,,,,,,,,,,,,,,,,,,,,,,,,,,,,,,,,,,,,,,,,,,,,,,,,,,,,,,,,,,,,,,,,,,,,,,,,,,,,,,,,,,,,,,
70,0.7,,,,,,,,,,,,,,,,,,,,,,,,,,,,,,,,,,,,,,,,,,,,,,,,,,,,,,,,,,,,,,,,,,,,,,,,,,,,,,,,,,,,,,,,,,,,,,,,,,,,,,,,,,,,,,,,,,,,,,,,,,,,,,,,,,,,,,,,,,,,,,,,,,,,,,,,,,,,,,,,,,,,,,,,,,,,,,,,,,,,,,,,,,,,,,,,,,,,,,,,
71,0.71,-0.048706,0.995364,0.013987,-0.081743,0.35283,0.193858,1.504896,0.000122,-0.05509,0.095842,0.011184,-0.993808,0.014422,0.186089,1.31353,0.000266,0.009631,0.981649,-0.02435,-0.188888,0.367765,0.203099,1.285108,0.000288,-0.030095,0.950864,-0.03116,-0.306563,0.234937,0.143147,1.350762,0.000485,-0.006473,0.999564,0.028191,-0.005863,0.475281,0.277528,1.314905,0.000496,-0.011562,0.995885,-0.085703,-0.027087,0.195635,0.203302,2.503149,0.000062,0.002851,0.999296,-0.007826,-0.036587,0.183139,0.20087,-0.039439,0.0004,,,,,,,,,,,,,,,,,,,,,,,,,,,,,,,,,,,,,,,,,-0.006214,0.999755,0.020728,-0.004605,-0.117613,0.286498,1.131921,0.000222,0.030835,0.990889,0.030465,0.127514,0.242661,0.152513,0.973645,0.000572,,,,,,,,,-0.016257,0.150232,-0.021957,-0.988273,-0.047011,0.223086,0.961345,0.000391,0.045297,0.029324,-0.007673,-0.998514,0.135118,0.118166,1.472122,0.000354,-0.034088,-0.021049,0.012009,-0.999125,0.12075,0.159123,1.284226,0.000336,0.051412,0.97566,0.008371,-0.213013,0.080018,0.164223,1.114274,0.00026,0.031452,0.004675,0.031635,-0.998994,0.376645,0.230765,0.982738,0.001004,,,,,,,,,,,,,,,,,0.05437,-0.065354,0.01294,-0.996296,0.502131,0.298182,0.952151,0.000883,0.021006,0.112684,0.010259,-0.993356,-0.126115,0.334252,1.272073,0.000073,-0.021135,-0.003841,-0.001323,-0.999768,-0.014341,0.198855,1.531589,0.000211
72,0.72,,,,,,,,,,,,,,,,,,,,,,,,,,,,,,,,,,,,,,,,,,,,,,,,,,,,,,,,,,,,,,,,,,,,,,,,,,,,,,,,,,,,,,,,,,,,,,,,,,,,,,,,,,,,,,,,,,,,,,,,,,,,,,,,,,,,,,,,,,,,,,,,,,,,,,,,,,,,,,,,,,,,,,,,,,,,,,,,,,,,,,,,,,,,,,,,,,,,,,,,
73,0.73,,,,,,,,,,,,,,,,,,,,,,,,,,,,,,,,,,,,,,,,,,,,,,,,,,,,,,,,,,,,,,,,,,,,,,,,,,,,,,,,,,,,,,,,,,,,,,,,,,,,,,,,,,,,,,,,,,,,,,,,,,,,,,,,,,,,,,,,,,,,,,,,,,,,,,,,,,,,,,,,,,,,,,,,,,,,,,,,,,,,,,,,,,,,,,,,,,,,,,,,
74,0.74,,,,,,,,,,,,,,,,,,,,,,,,,,,,,,,,,,,,,,,,,,,,,,,,,,,,,,,,,,,,,,,,,,,,,,,,,,,,,,,,,,,,,,,,,,,,,,,,,,,,,,,,,,,,,,,,,,,,,,,,,,,,,,,,,,,,,,,,,,,,,,,,,,,,,,,,,,,,,,,,,,,,,,,,,,,,,,,,,,,,,,,,,,,,,,,,,,,,,,,,
75,0.75,-0.048751,0.995283,0.014017,-0.082696,0.352834,0.193864,1.504901,0.000124,-0.055122,0.094895,0.011219,-0.993897,0.014423,0.186105,1.313531,0.000254,0.0096,0.981499,-0.024402,-0.189664,0.367757,0.2031,1.285106,0.000291,-0.030162,0.950551,-0.031215,-0.307519,0.234934,0.143157,1.350762,0.00045,-0.006552,0.999561,0.028124,-0.006657,0.475267,0.277528,1.314893,0.00051,-0.011559,0.995914,-0.085372,-0.02709,0.195664,0.203342,2.503132,0.000057,0.002932,0.999295,-0.007728,-0.036617,0.183108,0.200845,-0.039438,0.0004,,,,,,,,,,,,,,,,,,,,,,,,,,,,,,,,,,,,,,,,,-0.006181,0.999752,0.020748,-0.005183,-0.117632,0.28651,1.13192,0.000234,0.030796,0.990982,0.030459,0.126805,0.242645,0.152512,0.97364,0.000587,,,,,,,,,-0.01626,0.150283,-0.021922,-0.988266,-0.047033,0.223089,0.961335,0.000406,0.045299,0.028414,-0.007668,-0.99854,0.135106,0.118167,1.472122,0.000353,-0.03409,-0.022132,0.012005,-0.999102,0.120751,0.159128,1.284225,0.000342,0.051487,0.975494,0.008363,-0.213755,0.080006,0.164227,1.114274,0.000244,0.031545,0.003434,0.031616,-0.998996,0.376621,0.230745,0.98273,0.000974,,,,,,,,,,,,,,,,,0.054373,-0.066543,0.012936,-0.996217,0.502092,0.298179,0.952154,0.000874,0.020994,0.112149,0.010272,-0.993416,-0.12613,0.334275,1.272077,0.000076,-0.021147,-0.004448,-0.001322,-0.999766,-0.014336,0.198865,1.531587,0.000194
76,0.76,,,,,,,,,,,,,,,,,,,,,,,,,,,,,,,,,,,,,,,,,,,,,,,,,,,,,,,,,,,,,,,,,,,,,,,,,,,,,,,,,,,,,,,,,,,,,,,,,,,,,,,,,,,,,,,,,,,,,,,,,,,,,,,,,,,,,,,,,,,,,,,,,,,,,,,,,,,,,,,,,,,,,,,,,,,,,,,,,,,,,,,,,,,,,,,,,,,,,,,,
77,0.77,,,,,,,,,,,,,,,,,,,,,,,,,,,,,,,,,,,,,,,,,,,,,,,,,,,,,,,,,,,,,,,,,,,,,,,,,,,,,,,,,,,,,,,,,,,,,,,,,,,,,,,,,,,,,,,,,,,,,,,,,,,,,,,,,,,,,,,,,,,,,,,,,,,,,,,,,,,,,,,,,,,,,,,,,,,,,,,,,,,,,,,,,,,,,,,,,,,,,,,,
78,0.78,,,,,,,,,,,,,,,,,,,,,,,,,,,,,,,,,,,,,,,,,,,,,,,,,,,,,,,,,,,,,,,,,,,,,,,,,,,,,,,,,,,,,,,,,,,,,,,,,,,,,,,,,,,,,,,,,,,,,,,,,,,,,,,,,,,,,,,,,,,,,,,,,,,,,,,,,,,,,,,,,,,,,,,,,,,,,,,,,,,,,,,,,,,,,,,,,,,,,,,,
79,0.79,-0.048785,0.995303,0.013998,-0.08244,0.352945,0.193894,1.504897,0.000161,-0.055122,0.09547,0.01118,-0.993842,0.014531,0.186088,1.313537,0.000253,0.009597,0.981538,-0.024385,-0.189465,0.367868,0.203098,1.285105,0.000292,-0.030158,0.950875,-0.031182,-0.306521,0.235051,0.143132,1.35076,0.000559,-0.006626,0.999575,0.028156,-0.003742,0.475403,0.27761,1.314916,0.000494,-0.011739,0.995883,-0.085699,-0.027109,0.195762,0.203284,2.503154,0.000053,0.002575,0.999296,-0.008,-0.036559,0.183211,0.200893,-0.039418,0.000409,,,,,,,,,,,,,,,,,,,,,,,,,,,,,,,,,,,,,,,,,-0.006287,0.999743,0.020815,-0.00643,-0.117499,0.28651,1.131907,0.000305,0.030699,0.991047,0.030448,0.126315,0.242757,0.152513,0.973645,0.000577,,,,,,,,,-0.016239,0.150254,-0.021994,-0.988269,-0.046921,0.223066,0.961345,0.000399,0.04529,0.028881,-0.007731,-0.998526,0.135224,0.118151,1.472121,0.000325,-0.034086,-0.021891,0.011943,-0.999108,0.120851,0.159122,1.284235,0.000337,0.051434,0.97548,0.008375,-0.213831,0.080125,0.164206,1.114292,0.000235,0.031473,0.004115,0.031608,-0.998996,0.37673,0.230771,0.98274,0.000985,,,,,,,,,,,,,,,,,0.054382,-0.065803,0.012823,-0.996267,0.502213,0.298203,0.952159,0.000904,0.020956,0.112102,0.010228,-0.993423,-0.126018,0.334236,1.272073,0.0001,-0.021173,-0.00475,-0.001362,-0.999764,-0.014218,0.19886,1.531594,0.000215
80,0.8,,,,,,,,,,,,,,,,,,,,,,,,,,,,,,,,,,,,,,,,,,,,,,,,,,,,,,,,,,,,,,,,,,,,,,,,,,,,,,,,,,,,,,,,,,,,,,,,,,,,,,,,,,,,,,,,,,,,,,,,,,,,,,,,,,,,,,,,,,,,,,,,,,,,,,,,,,,,,,,,,,,,,,,,,,,,,,,,,,,,,,,,,,,,,,,,,,,,,,,,
81,0.81,,,,,,,,,,,,,,,,,,,,,,,,,,,,,,,,,,,,,,,,,,,,,,,,,,,,,,,,,,,,,,,,,,,,,,,,,,,,,,,,,,,,,,,,,,,,,,,,,,,,,,,,,,,,,,,,,,,,,,,,,,,,,,,,,,,,,,,,,,,,,,,,,,,,,,,,,,,,,,,,,,,,,,,,,,,,,,,,,,,,,,,,,,,,,,,,,,,,,,,,
82,0.82,-0.048828,0.995211,0.014048,-0.083506,0.352932,0.193894,1.504905,0.000169,-0.055159,0.094566,0.011194,-0.993926,0.014514,0.186092,1.313534,0.00027,0.00954,0.981358,-0.024448,-0.190387,0.367834,0.203109,1.285103,0.000295,-0.030252,0.950412,-0.031247,-0.307938,0.235024,0.143145,1.350765,0.000498,-0.006728,0.999568,0.028169,-0.004939,0.475375,0.277637,1.314902,0.000543,-0.011736,0.995869,-0.085864,-0.027118,0.19578,0.203346,2.503133,0.00006,0.002843,0.999291,-0.008396,-0.036588,0.183177,0.200876,-0.039421,0.000398,,,,,,,,,,,,,,,,,,,,,,,,,,,,,,,,,,,,,,,,,-0.006274,0.99974,0.020821,-0.006874,-0.117525,0.286522,1.13191,0.00031,0.030702,0.991056,0.030448,0.126247,0.242732,0.152509,0.973642,0.00061,,,,,,,,,-0.016263,0.149565,-0.021989,-0.988374,-0.046949,0.223076,0.961346,0.000392,0.045293,0.027818,-0.007716,-0.998557,0.135204,0.118154,1.472121,0.000329,-0.034095,-0.022983,0.011956,-0.999083,0.120836,0.159122,1.284232,0.000326,0.051485,0.975349,0.008341,-0.214417,0.080098,0.164209,1.114283,0.000255,0.031496,0.003875,0.031593,-0.998997,0.376701,0.230774,0.982743,0.000967,,,,,,,,,,,,,,,,,0.054365,-0.066543,0.012801,-0.996219,0.502175,0.29819,0.952155,0.000904,0.020939,0.111661,0.010259,-0.993473,-0.126046,0.334252,1.272074,0.000095,-0.021177,-0.005985,-0.001366,-0.999757,-0.014227,0.198865,1.531592,0.000199
83,0.83,,,,,,,,,,,,,,,,,,,,,,,,,,,,,,,,,,,,,,,,,,,,,,,,,,,,,,,,,,,,,,,,,,,,,,,,,,,,,,,,,,,,,,,,,,,,,,,,,,,,,,,,,,,,,,,,,,,,,,,,,,,,,,,,,,,,,,,,,,,,,,,,,,,,,,,,,,,,,,,,,,,,,,,,,,,,,,,,,,,,,,,,,,,,,,,,,,,,,,,,
84,0.84,,,,,,,,,,,,,,,,,,,,,,,,,,,,,,,,,,,,,,,,,,,,,,,,,,,,,,,,,,,,,,,,,,,,,,,,,,,,,,,,,,,,,,,,,,,,,,,,,,,,,,,,,,,,,,,,,,,,,,,,,,,,,,,,,,,,,,,,,,,,,,,,,,,,,,,,,,,,,,,,,,,,,,,,,,,,,,,,,,,,,,,,,,,,,,,,,,,,,,,,
85,0.85,,,,,,,,,,,,,,,,,,,,,,,,,,,,,,,,,,,,,,,,,,,,,,,,,,,,,,,,,,,,,,,,,,,,,,,,,,,,,,,,,,,,,,,,,,,,,,,,,,,,,,,,,,,,,,,,,,,,,,,,,,,,,,,,,,,,,,,,,,,,,,,,,,,,,,,,,,,,,,,,,,,,,,,,,,,,,,,,,,,,,,,,,,,,,,,,,,,,,,,,
86,0.86,-0.048712,0.995331,0.013993,-0.082142,0.352809,0.193857,1.504896,0.000126,-0.055097,0.095635,0.011191,-0.993827,0.014392,0.186104,1.313529,0.000249,0.009603,0.981607,-0.024373,-0.189106,0.367737,0.203087,1.285107,0.000294,-0.030109,0.950727,-0.031172,-0.306984,0.234911,0.143146,1.35076,0.000505,-0.006544,0.999563,0.028169,-0.006185,0.475253,0.277514,1.3149,0.000497,-0.011416,0.995866,-0.085962,-0.027046,0.195617,0.203364,2.503128,0.000064,0.002856,0.999298,-0.007473,-0.036605,0.183128,0.200871,-0.039434,0.000402,,,,,,,,,,,,,,,,,,,,,,,,,,,,,,,,,,,,,,,,,-0.006177,0.999757,0.02072,-0.004287,-0.117647,0.286509,1.131918,0.00022,0.030901,0.990802,0.030483,0.128167,0.242631,0.152504,0.973643,0.000574,,,,,,,,,-0.016243,0.151233,-0.021897,-0.988122,-0.047044,0.223099,0.961338,0.000388,0.045331,0.029045,-0.007699,-0.99852,0.135077,0.118174,1.47211,0.000362,-0.034087,-0.021431,0.012022,-0.999117,0.120725,0.159127,1.284227,0.000338,0.051392,0.975722,0.008371,-0.212731,0.079991,0.164223,1.114273,0.000264,0.031425,0.005132,0.031654,-0.998992,0.376623,0.230755,0.98274,0.001011,,,,,,,,,,,,,,,,,0.054346,-0.064953,0.013013,-0.996322,0.5021,0.298173,0.952149,0.00089,0.021031,0.112737,0.010271,-0.993349,-0.126148,0.334266,1.272075,0.000079,-0.021133,-0.004212,-0.001318,-0.999767,-0.014369,0.198863,1.531586,0.000207
87,0.87,,,,,,,,,,,,,,,,,,,,,,,,,,,,,,,,,,,,,,,,,,,,,,,,,,,,,,,,,,,,,,,,,,,,,,,,,,,,,,,,,,,,,,,,,,,,,,,,,,,,,,,,,,,,,,,,,,,,,,,,,,,,,,,,,,,,,,,,,,,,,,,,,,,,,,,,,,,,,,,,,,,,,,,,,,,,,,,,,,,,,,,,,,,,,,,,,,,,,,,,
88,0.88,,,,,,,,,,,,,,,,,,,,,,,,,,,,,,,,,,,,,,,,,,,,,,,,,,,,,,,,,,,,,,,,,,,,,,,,,,,,,,,,,,,,,,,,,,,,,,,,,,,,,,,,,,,,,,,,,,,,,,,,,,,,,,,,,,,,,,,,,,,,,,,,,,,,,,,,,,,,,,,,,,,,,,,,,,,,,,,,,,,,,,,,,,,,,,,,,,,,,,,,
89,0.89,,,,,,,,,,,,,,,,,,,,,,,,,,,,,,,,,,,,,,,,,,,,,,,,,,,,,,,,,,,,,,,,,,,,,,,,,,,,,,,,,,,,,,,,,,,,,,,,,,,,,,,,,,,,,,,,,,,,,,,,,,,,,,,,,,,,,,,,,,,,,,,,,,,,,,,,,,,,,,,,,,,,,,,,,,,,,,,,,,,,,,,,,,,,,,,,,,,,,,,,
90,0.9,-0.048793,0.995263,0.014029,-0.082906,0.352922,0.193872,1.504905,0.000137,-0.055124,0.095071,0.011201,-0.99388,0.0145,0.186096,1.313536,0.000274,0.009593,0.981499,-0.02439,-0.189663,0.367831,0.203104,1.285107,0.000291,-0.030195,0.950686,-0.031199,-0.307103,0.235028,0.143139,1.35076,0.000496,-0.006527,0.999559,0.028138,-0.006971,0.475346,0.277545,1.314902,0.000503,-0.01172,0.995814,-0.086507,-0.027106,0.19575,0.203256,2.503154,0.000054,0.002875,0.999288,-0.008739,-0.03659,0.183175,0.200875,-0.039434,0.000403,,,,,,,,,,,,,,,,,,,,,,,,,,,,,,,,,,,,,,,,,-0.006289,0.99974,0.02083,-0.006869,-0.11753,0.286517,1.13191,0.000309,0.030705,0.991066,0.030453,0.126164,0.242729,0.15251,0.973646,0.0006,,,,,,,,,-0.016264,0.149624,-0.021988,-0.988365,-0.04695,0.223074,0.961348,0.00039,0.045291,0.028178,-0.007711,-0.998547,0.135196,0.118156,1.472122,0.000322,-0.034095,-0.022186,0.011968,-0.999101,0.120829,0.159127,1.28423,0.000346,0.051463,0.975436,0.008347,-0.214026,0.080093,0.164215,1.114286,0.000246,0.031498,0.003931,0.031595,-0.998997,0.376699,0.23077,0.98274,0.000992,,,,,,,,,,,,,,,,,0.054371,-0.066242,0.012837,-0.996239,0.502183,0.298191,0.95216,0.000899,0.020957,0.111847,0.010261,-0.993451,-0.126044,0.334248,1.272076,0.000106,-0.021176,-0.005383,-0.001348,-0.99976,-0.014235,0.198859,1.531593,0.0002
91,0.91,,,,,,,,,,,,,,,,,,,,,,,,,,,,,,,,,,,,,,,,,,,,,,,,,,,,,,,,,,,,,,,,,,,,,,,,,,,,,,,,,,,,,,,,,,,,,,,,,,,,,,,,,,,,,,,,,,,,,,,,,,,,,,,,,,,,,,,,,,,,,,,,,,,,,,,,,,,,,,,,,,,,,,,,,,,,,,,,,,,,,,,,,,,,,,,,,,,,,,,,
92,0.92,,,,,,,,,,,,,,,,,,,,,,,,,,,,,,,,,,,,,,,,,,,,,,,,,,,,,,,,,,,,,,,,,,,,,,,,,,,,,,,,,,,,,,,,,,,,,,,,,,,,,,,,,,,,,,,,,,,,,,,,,,,,,,,,,,,,,,,,,,,,,,,,,,,,,,,,,,,,,,,,,,,,,,,,,,,,,,,,,,,,,,,,,,,,,,,,,,,,,,,,
93,0.93,-0.048757,0.995318,0.013997,-0.082279,0.352928,0.193876,1.504896,0.00013,-0.055093,0.096047,0.011158,-0.993788,0.014514,0.186094,1.313533,0.000258,0.009591,0.981602,-0.024362,-0.189134,0.367851,0.203094,1.285109,0.00029,-0.030155,0.950822,-0.031176,-0.306686,0.235033,0.143132,1.350759,0.000528,-0.006615,0.999576,0.028179,-0.003285,0.47539,0.27761,1.314915,0.000492,-0.011758,0.995855,-0.086018,-0.027105,0.195736,0.203249,2.503157,0.000055,0.002658,0.999294,-0.008118,-0.03658,0.183217,0.200904,-0.039432,0.000403,,,,,,,,,,,,,,,,,,,,,,,,,,,,,,,,,,,,,,,,,-0.006266,0.999743,0.020808,-0.006467,-0.11751,0.286509,1.131904,0.000307,0.030731,0.990996,0.03046,0.126708,0.242747,0.152517,0.973648,0.000583,,,,,,,,,-0.016244,0.150229,-0.021993,-0.988273,-0.046933,0.223072,0.961347,0.000392,0.04529,0.029179,-0.007726,-0.998518,0.135209,0.118152,1.472122,0.000317,-0.034086,-0.02153,0.011962,-0.999115,0.120834,0.159124,1.284231,0.000337,0.051365,0.975677,0.008391,-0.212946,0.080121,0.164218,1.11429,0.000256,0.031435,0.004596,0.031623,-0.998995,0.376722,0.230776,0.98274,0.001,,,,,,,,,,,,,,,,,0.054372,-0.065578,0.012865,-0.996282,0.50221,0.298196,0.952158,0.000898,0.020964,0.112205,0.010229,-0.993411,-0.12603,0.334242,1.272075,0.000099,-0.021169,-0.004651,-0.001359,-0.999764,-0.014232,0.198863,1.531591,0.000201
94,0.94,,,,,,,,,,,,,,,,,,,,,,,,,,,,,,,,,,,,,,,,,,,,,,,,,,,,,,,,,,,,,,,,,,,,,,,,,,,,,,,,,,,,,,,,,,,,,,,,,,,,,,,,,,,,,,,,,,,,,,,,,,,,,,,,,,,,,,,,,,,,,,,,,,,,,,,,,,,,,,,,,,,,,,,,,,,,,,,,,,,,,,,,,,,,,,,,,,,,,,,,
95,0.95,,,,,,,,,,,,,,,,,,,,,,,,,,,,,,,,,,,,,,,,,,,,,,,,,,,,,,,,,,,,,,,,,,,,,,,,,,,,,,,,,,,,,,,,,,,,,,,,,,,,,,,,,,,,,,,,,,,,,,,,,,,,,,,,,,,,,,,,,,,,,,,,,,,,,,,,,,,,,,,,,,,,,,,,,,,,,,,,,,,,,,,,,,,,,,,,,,,,,,,,
96,0.96,,,,,,,,,,,,,,,,,,,,,,,,,,,,,,,,,,,,,,,,,,,,,,,,,,,,,,,,,,,,,,,,,,,,,,,,,,,,,,,,,,,,,,,,,,,,,,,,,,,,,,,,,,,,,,,,,,,,,,,,,,,,,,,,,,,,,,,,,,,,,,,,,,,,,,,,,,,,,,,,,,,,,,,,,,,,,,,,,,,,,,,,,,,,,,,,,,,,,,,,
97,0.97,,,,,,,,,,,,,,,,,,,,,,,,,,,,,,,,,,,,,,,,,,,,,,,,,,,,,,,,,,,,,,,,,,,,,,,,,,,,,,,,,,,,,,,,,,,,,,,,,,,,,,,,,,,,,,,,,,,,,,,,,,,,,,,,,,,,,,,,,,,,,,,,,,,,,,,,,,,,,,,,,,,,,,,,,,,,,,,,,,,,,,,,,,,,,,,,,,,,,,,,
98,0.98,,,,,,,,,,,,,,,,,,,,,,,,,,,,,,,,,,,,,,,,,,,,,,,,,,,,,,,,,,,,,,,,,,,,,,,,,,,,,,,,,,,,,,,,,,,,,,,,,,,,,,,,,,,,,,,,,,,,,,,,,,,,,,,,,,,,,,,,,,,,,,,,,,,,,,,,,,,,,,,,,,,,,,,,,,,,,,,,,,,,,,,,,,,,,,,,,,,,,,,,
99,0.99,-0.048724,0.995355,0.013991,-0.081841,0.352839,0.19386,1.504896,0.000139,-0.055087,0.095763,0.011168,-0.993816,0.014426,0.186089,1.313528,0.000263,0.009628,0.981637,-0.024355,-0.188953,0.367773,0.203093,1.285108,0.000293,-0.030093,0.950902,-0.031164,-0.306446,0.234946,0.143148,1.35076,0.0005,-0.006516,0.999565,0.028153,-0.005869,0.47528,0.277529,1.314899,0.000497,-0.011504,0.99589,-0.085657,-0.027072,0.195645,0.20332,2.503135,0.000061,0.002942,0.999289,-0.008624,-0.036596,0.183156,0.200884,-0.039437,0.000402,,,,,,,,,,,,,,,,,,,,,,,,,,,,,,,,,,,,,,,,,-0.006217,0.999756,0.020737,-0.004455,-0.117613,0.286504,1.13192,0.000228,0.030844,0.99087,0.030466,0.127662,0.242668,0.152509,0.973642,0.000569,,,,,,,,,-0.016239,0.150646,-0.021955,-0.988211,-0.047003,0.223077,0.961343,0.000391,0.045333,0.029413,-0.007719,-0.998509,0.13511,0.118177,1.472111,0.000344,-0.03408,-0.021315,0.012011,-0.99912,0.120757,0.159123,1.284227,0.000335,0.051386,0.975717,0.008369,-0.21276,0.080027,0.164218,1.114272,0.000268,0.031446,0.004778,0.031621,-0.998994,0.376648,0.230762,0.982736,0.001011,,,,,,,,,,,,,,,,,0.054341,-0.064998,0.012963,-0.99632,0.502136,0.298183,0.952151,0.000899,0.021011,0.112659,0.010269,-0.993359,-0.126116,0.334244,1.272075,0.00008,-0.021129,-0.003742,-0.001321,-0.999769,-0.014338,0.19886,1.53159,0.000215
